Season,SRS,SOS,Team_Id
2004,9.12,0.08,1102
2006,10.2,2.49,1102
2009,3.37,-2.01,1103
2011,2.15,-1.02,1103
2013,8.11,0.18,1103
2003,13.36,9.4,1104
2004,14.29,10.2,1104
2005,16.74,6.81,1104
2006,10.79,8.08,1104
2012,13.76,7.18,1104
2005,-11.96,-12.86,1105
2004,-11.1,-10.78,1106
2009,-6.13,-11.2,1106
2011,-13.37,-10.31,1106
2004,11.76,5.63,1412
2005,10.42,4.78,1412
2006,9.64,1.57,1412
2011,8.55,2.78,1412
2015,1.94,1.62,1412
2006,-0.44,-4.25,1107
2007,-1.6,-4.75,1107
2013,-0.87,-4.53,1107
2014,-3.31,-5.22,1107
2015,-0.34,-5.18,1107
2008,-1.87,-4.0,1110
2009,-0.05,-5.49,1110
2014,0.69,-3.25,1110
2003,23.42,8.95,1112
2004,15.3,6.63,1112
2005,18.0,8.03,1112
2006,15.12,10.09,1112
2007,16.24,10.76,1112
2008,14.55,10.22,1112
2009,11.88,8.8,1112
2011,16.54,7.99,1112
2013,17.3,7.47,1112
2014,23.36,9.04,1112
2015,24.33,7.41,1112
2016,18.79,7.23,1112
2017,18.33,7.5,1112
2003,15.01,9.27,1113
2009,16.7,7.82,1113
2014,13.32,7.41,1113
2006,15.01,6.17,1116
2007,13.77,8.75,1116
2008,12.48,6.73,1116
2015,14.07,6.79,1116
2017,13.87,8.08,1116
2011,-4.32,-2.97,1114
2016,7.12,-1.76,1114
2010,-8.29,-7.68,1115
2003,12.68,8.34,1120
2003,-0.84,-1.98,1122
2008,-2.21,-5.24,1122
2016,-6.04,-2.98,1122
2008,11.46,5.75,1124
2010,17.97,8.03,1124
2012,16.54,8.03,1124
2014,15.8,10.11,1124
2015,17.85,9.33,1124
2016,16.13,9.76,1124
2017,20.59,12.01,1124
2006,-3.53,-6.72,1125
2007,-0.39,-4.71,1125
2008,-0.12,-3.44,1125
2012,11.81,-1.22,1125
2011,13.07,-4.42,1125
2013,10.37,-0.96,1125
2015,0.35,-2.77,1125
2009,-3.27,-5.62,1127
2008,1.6,-2.07,1129
2013,9.44,5.27,1129
2015,10.01,1.38,1129
2004,11.99,7.17,1130
2005,14.38,6.41,1130
2006,13.79,6.1,1130
2007,13.76,9.21,1130
2009,10.36,7.23,1130
2011,-2.48,-3.85,1131
2006,11.78,5.38,1133
2003,13.63,5.29,1140
2004,12.7,6.31,1140
2007,11.38,3.95,1140
2008,11.82,1.33,1140
2009,15.12,4.15,1140
2010,18.82,3.0,1140
2012,11.25,1.55,1140
2011,18.65,5.76,1140
2014,11.63,5.72,1140
2015,13.53,5.02,1140
2005,2.12,-2.19,1137
2006,7.29,-2.29,1137
2011,2.39,-3.87,1137
2013,6.95,-1.96,1137
2017,5.61,-3.19,1137
2015,7.93,1.6,1138
2016,1.34,0.9,1138
2003,9.11,2.23,1139
2007,14.34,3.94,1139
2008,13.0,2.64,1139
2009,10.07,2.07,1139
2010,14.37,5.08,1139
2011,11.53,5.02,1139
2013,10.99,6.08,1139
2015,16.64,8.62,1139
2016,16.46,7.55,1139
2017,18.29,10.39,1139
2014,-1.34,1.69,1142
2016,2.58,-5.15,1167
2008,5.64,-3.06,1168
2009,2.65,-0.14,1169
2007,-3.63,-6.48,1148
2004,1.86,-5.87,1416
2005,-4.91,-7.78,1416
2003,6.85,1.79,1141
2004,12.24,4.7,1150
2005,9.63,3.97,1150
2005,-1.37,-3.59,1151
2009,-6.25,-3.13,1151
2016,3.24,-3.46,1151
2003,12.9,7.45,1153
2004,18.75,6.28,1153
2005,17.64,6.74,1153
2012,12.93,6.28,1153
2011,15.41,6.1,1153
2013,14.46,6.93,1153
2014,15.26,5.28,1153
2015,10.72,4.4,1153
2016,15.19,5.25,1153
2017,18.67,5.03,1153
2008,18.05,9.08,1155
2009,15.56,6.59,1155
2010,15.71,7.9,1155
2011,13.76,6.58,1155
2009,6.97,2.12,1156
2014,-5.21,-6.31,1157
2015,-1.02,-6.18,1157
2003,12.82,8.01,1160
2012,7.91,5.73,1160
2013,11.95,7.95,1160
2014,10.8,8.8,1160
2016,12.04,7.64,1160
2003,5.38,4.41,1161
2012,6.58,5.23,1161
2013,13.65,5.89,1161
2003,15.84,7.63,1163
2004,22.64,7.77,1163
2005,18.82,7.62,1163
2006,21.22,6.57,1163
2008,15.54,6.76,1163
2009,22.17,8.57,1163
2012,12.27,8.07,1163
2011,17.95,10.44,1163
2014,17.23,8.63,1163
2016,15.89,6.28,1163
2008,-14.51,-6.2,1164
2008,0.76,-4.74,1165
2009,2.71,-4.01,1165
2010,8.76,-0.91,1165
2003,15.33,1.03,1166
2005,10.14,3.84,1166
2007,12.57,6.24,1166
2012,12.92,3.41,1166
2013,16.44,5.16,1166
2014,18.03,7.17,1166
2017,18.11,9.17,1166
2006,1.89,-3.04,1172
2007,8.31,-2.26,1172
2008,13.93,1.66,1172
2012,7.26,-1.68,1172
2013,7.27,-3.45,1172
2015,11.97,3.19,1172
2003,11.0,5.17,1173
2004,7.11,3.57,1173
2009,7.16,1.76,1173
2014,10.55,5.34,1173
2015,10.98,4.06,1173
2016,11.34,4.76,1173
2017,13.21,4.01,1173
2014,2.73,-1.1,1174
2005,-6.68,-6.89,1175
2004,9.06,6.38,1177
2012,2.4,-0.01,1178
2008,14.08,4.15,1179
2003,19.86,8.38,1181
2004,25.67,10.86,1181
2005,23.01,10.04,1181
2006,21.77,8.77,1181
2007,18.85,10.49,1181
2008,21.52,9.28,1181
2009,20.1,9.07,1181
2010,25.21,9.21,1181
2012,17.05,8.4,1181
2011,24.51,8.32,1181
2013,21.43,9.54,1181
2014,19.51,8.48,1181
2015,24.97,9.87,1181
2016,19.23,10.59,1181
2017,22.46,11.63,1181
2003,-0.9,-2.94,1190
2004,4.19,-3.15,1190
2009,3.21,-1.87,1190
2010,-0.83,-1.47,1190
2017,7.7,-2.49,1190
2005,-2.68,-5.18,1184
2007,-4.19,-5.28,1184
2014,0.6,-4.34,1184
2004,0.83,-0.34,1186
2015,0.79,-3.84,1186
2005,-4.13,-6.91,1192
2016,-10.9,-8.31,1192
2003,18.54,7.76,1196
2004,16.29,9.19,1196
2005,20.18,7.12,1196
2006,20.21,5.49,1196
2007,23.82,7.34,1196
2010,11.89,7.16,1196
2012,18.25,7.33,1196
2011,16.27,7.57,1196
2013,23.86,6.83,1196
2014,20.69,8.54,1196
2017,22.2,10.49,1196
2004,-9.85,-7.94,1197
2007,-9.73,-7.49,1197
2013,2.76,-2.07,1195
2016,-0.79,-3.82,1195
2017,2.16,-3.91,1195
2009,11.37,7.91,1199
2010,14.64,6.79,1199
2012,14.53,7.62,1199
2011,13.48,6.45,1199
2017,20.73,9.55,1199
2016,5.27,2.24,1201
2006,12.11,2.77,1206
2008,6.07,-0.75,1206
2011,11.66,1.37,1206
2005,10.62,1.05,1203
2006,9.63,-0.33,1203
2007,5.61,0.64,1203
2014,10.6,4.42,1203
2006,13.98,6.92,1207
2007,19.62,9.48,1207
2008,18.73,7.23,1207
2010,17.03,9.56,1207
2012,16.81,7.69,1207
2011,14.61,10.39,1207
2013,15.84,7.59,1207
2015,15.48,9.81,1207
2008,7.24,7.03,1208
2011,10.43,6.13,1208
2015,12.42,8.6,1208
2015,5.47,-2.03,1209
2004,20.66,11.21,1210
2005,17.21,9.78,1210
2007,17.17,9.36,1210
2010,14.11,9.02,1210
2003,12.26,3.8,1211
2004,18.94,3.32,1211
2005,13.3,4.37,1211
2006,12.32,5.02,1211
2007,12.15,3.77,1211
2008,14.81,2.15,1211
2009,17.95,3.55,1211
2010,12.11,3.83,1211
2012,13.86,3.25,1211
2011,13.86,4.01,1211
2013,20.47,4.18,1211
2014,15.56,5.36,1211
2015,21.12,5.12,1211
2016,16.92,4.23,1211
2017,25.77,2.34,1211
2016,1.16,-0.67,1453
2006,-10.17,-12.56,1214
2011,-5.2,-8.77,1214
2015,-8.25,-7.08,1214
2016,-8.74,-8.45,1214
2012,7.84,-1.56,1217
2013,3.95,0.16,1217
2014,10.79,-0.47,1217
2015,4.47,-0.25,1217
2016,9.03,-1.04,1218
2003,5.26,-5.38,1221
2007,3.32,-3.06,1221
2016,-11.2,-6.11,1221
2010,6.74,3.48,1222
2003,19.82,6.76,1228
2004,16.93,7.08,1228
2005,24.1,8.47,1228
2006,17.2,6.29,1228
2007,14.18,7.09,1228
2009,14.38,6.73,1228
2011,16.72,11.11,1228
2013,13.23,10.08,1228
2004,6.0,-0.47,1227
2003,12.63,9.81,1231
2006,12.1,7.36,1231
2007,16.78,8.35,1231
2008,15.78,6.08,1231
2012,18.63,7.8,1231
2013,24.9,8.38,1231
2015,12.94,7.2,1231
2016,19.59,6.9,1231
2011,3.41,2.9,1232
2006,6.86,-0.78,1233
2012,8.36,-1.82,1233
2013,4.04,-0.02,1233
2016,3.59,-1.78,1233
2017,1.08,-3.04,1233
2005,14.97,9.34,1234
2006,14.18,6.8,1234
2014,18.58,7.43,1234
2015,15.83,8.39,1234
2016,17.01,8.71,1234
2005,11.37,8.4,1235
2012,13.32,7.32,1235
2013,14.5,6.13,1235
2014,18.52,9.88,1235
2015,17.94,9.15,1235
2016,16.93,10.16,1235
2017,20.74,11.86,1235
2003,-2.43,-1.8,1237
2007,-12.28,-9.94,1238
2017,-3.02,-3.9,1240
2013,-1.73,-2.28,1241
2003,25.0,10.53,1242
2004,17.1,9.44,1242
2005,20.68,10.85,1242
2006,20.02,7.6,1242
2007,22.62,6.86,1242
2008,26.9,8.2,1242
2009,18.02,7.9,1242
2010,24.68,8.25,1242
2012,21.72,9.93,1242
2011,24.1,7.62,1242
2013,20.79,7.54,1242
2014,20.25,11.4,1242
2015,18.47,12.13,1242
2016,23.87,11.22,1242
2017,22.74,12.39,1242
2008,15.79,7.79,1243
2010,19.88,10.28,1243
2012,14.47,7.53,1243
2011,14.59,8.41,1243
2013,13.53,6.53,1243
2014,12.14,8.47,1243
2017,15.31,10.46,1243
2006,6.27,0.0,1245
2008,7.47,0.41,1245
2017,1.09,-2.0,1245
2003,22.47,9.33,1246
2004,18.83,8.55,1246
2005,19.16,8.1,1246
2006,13.12,8.88,1246
2007,17.12,11.41,1246
2008,9.19,7.09,1246
2010,21.13,6.82,1246
2012,24.73,7.93,1246
2011,20.3,8.91,1246
2014,18.07,9.9,1246
2015,28.72,8.67,1246
2016,20.23,8.84,1246
2017,24.18,9.82,1246
2013,10.14,4.46,1247
2015,-3.37,-3.12,1248
2012,2.41,-3.77,1249
2004,-7.3,-8.88,1250
2010,-3.33,-7.79,1250
2012,4.27,-5.14,1250
2004,-3.12,-4.22,1251
2013,-9.13,-5.8,1251
2007,2.24,-2.07,1253
2012,9.52,0.87,1253
2012,-1.34,-5.1,1254
2011,2.23,-5.77,1254
2013,-3.21,-5.8,1254
2003,16.08,6.83,1261
2005,11.6,7.77,1261
2006,17.54,8.77,1261
2009,11.87,3.27,1261
2015,11.39,5.63,1261
2004,6.24,0.42,1418
2005,5.71,1.91,1418
2014,2.91,-0.28,1418
2003,19.81,6.84,1257
2004,18.6,6.97,1257
2005,22.57,6.18,1257
2007,16.08,7.69,1257
2008,19.0,8.0,1257
2009,20.87,8.41,1257
2010,14.08,7.99,1257
2012,16.19,9.02,1257
2011,18.6,8.2,1257
2013,24.81,9.13,1257
2014,24.69,4.8,1257
2015,18.12,8.98,1257
2017,23.73,12.04,1257
2012,0.37,-2.72,1259
2003,5.78,-1.99,1264
2004,9.29,-1.26,1264
2014,6.04,-0.9,1264
2015,-1.34,-3.34,1264
2003,16.28,7.28,1266
2006,11.33,8.16,1266
2007,14.14,6.95,1266
2008,18.62,8.09,1266
2009,15.06,7.87,1266
2010,15.17,8.23,1266
2012,16.92,7.5,1266
2011,14.89,8.51,1266
2013,14.04,8.58,1266
2017,16.21,8.69,1266
2003,20.56,7.56,1268
2004,16.96,11.68,1268
2007,19.06,7.59,1268
2009,11.1,8.99,1268
2010,17.75,7.95,1268
2015,13.32,7.63,1268
2016,16.71,8.31,1268
2017,13.38,8.38,1268
2008,0.06,-4.53,1420
2014,10.61,6.0,1269
2003,13.23,5.27,1272
2004,13.06,5.96,1272
2006,18.81,4.24,1272
2007,19.72,3.91,1272
2008,23.73,5.76,1272
2009,20.92,4.63,1272
2012,16.86,5.26,1272
2011,6.91,3.14,1272
2013,12.26,2.7,1272
2014,13.02,7.14,1272
2014,5.33,-3.42,1273
2008,12.38,7.13,1274
2013,16.99,7.88,1274
2016,18.52,10.69,1274
2017,15.79,10.1,1274
2007,4.81,2.78,1275
2009,11.9,9.74,1276
2012,13.19,8.98,1276
2011,14.21,10.68,1276
2013,21.28,10.05,1276
2014,18.52,9.65,1276
2016,13.75,7.92,1276
2017,18.81,9.56,1276
2003,16.12,9.72,1277
2004,12.15,8.38,1277
2005,20.47,7.41,1277
2006,12.24,7.27,1277
2007,16.3,8.45,1277
2008,16.32,7.68,1277
2009,17.71,9.37,1277
2010,15.33,8.17,1277
2012,21.32,9.82,1277
2011,13.7,11.67,1277
2013,18.64,10.55,1277
2014,19.35,9.38,1277
2015,17.46,10.0,1277
2016,22.59,6.94,1277
2017,13.73,10.37,1277
2013,11.16,-1.52,1292
2016,2.66,-0.7,1292
2017,9.55,-1.36,1292
2003,7.71,0.81,1454
2005,10.41,1.44,1454
2006,7.65,1.47,1454
2014,-1.53,-0.44,1454
2005,12.06,6.96,1278
2009,11.32,7.19,1278
2010,15.64,7.32,1278
2013,16.83,10.31,1278
2017,15.26,9.08,1278
2013,14.42,4.14,1279
2015,11.39,7.01,1279
2003,17.65,8.0,1280
2004,16.78,6.08,1280
2005,12.55,6.05,1280
2008,13.42,5.74,1280
2009,9.1,4.62,1280
2008,-15.28,-9.5,1290
2012,-8.03,-7.65,1290
2003,14.87,10.15,1281
2009,19.56,6.72,1281
2010,17.39,6.36,1281
2012,19.77,5.68,1281
2011,14.77,6.5,1281
2013,15.41,6.0,1281
2004,-4.84,-5.66,1284
2006,-2.99,-4.05,1284
2005,-3.63,-3.49,1285
2006,4.86,-0.96,1285
2010,3.93,-2.35,1285
2012,4.55,-3.39,1285
2013,-1.11,-4.21,1285
2009,-3.14,-3.61,1287
2011,2.81,-3.13,1287
2009,-2.29,-6.53,1288
2010,-1.18,-6.15,1288
2008,-3.59,-5.12,1291
2014,-6.32,-4.44,1291
2017,-4.34,-4.11,1291
2004,7.22,-3.2,1293
2006,4.16,-5.07,1293
2010,8.69,-3.89,1293
2012,8.74,-2.6,1293
2014,10.13,8.5,1304
2004,14.91,5.82,1305
2005,9.25,3.02,1305
2006,10.16,2.26,1305
2007,10.58,1.09,1305
2017,10.7,1.67,1305
2007,12.98,5.37,1424
2008,10.23,4.02,1424
2010,12.57,4.82,1424
2012,13.55,4.37,1424
2011,14.67,6.0,1424
2013,12.92,5.71,1424
2005,11.09,1.51,1307
2010,12.49,3.84,1307
2012,15.6,3.34,1307
2013,13.28,6.63,1307
2014,12.72,4.84,1307
2007,5.04,0.01,1308
2010,2.06,1.66,1308
2012,8.73,0.08,1308
2013,5.11,0.7,1308
2014,6.16,-2.58,1308
2015,3.71,-3.67,1308
2017,4.66,-4.71,1308
2017,-4.25,-5.49,1309
2005,3.12,-3.08,1310
2007,-3.41,-4.7,1310
2012,-3.68,-5.39,1313
2004,19.4,12.04,1314
2005,28.42,10.66,1314
2006,18.48,7.77,1314
2007,26.41,9.3,1314
2008,24.17,8.12,1314
2009,25.46,8.35,1314
2012,21.34,7.07,1314
2011,18.87,10.15,1314
2013,14.52,8.01,1314
2014,15.24,8.42,1314
2015,20.63,11.76,1314
2016,23.44,10.69,1314
2017,25.09,11.67,1314
2013,-6.94,-6.3,1299
2014,3.97,-8.03,1300
2017,-2.71,-12.08,1300
2003,11.76,7.57,1301
2004,18.45,10.61,1301
2005,16.16,9.16,1301
2006,12.7,5.63,1301
2012,12.1,6.8,1301
2013,14.32,7.17,1301
2014,9.02,7.44,1301
2015,14.11,9.72,1301
2003,-13.19,-5.61,1421
2012,3.06,-2.72,1421
2011,-0.69,-2.89,1421
2016,1.1,-3.25,1421
2003,8.52,-2.8,1423
2006,8.9,0.57,1423
2016,6.25,0.35,1423
2017,8.04,-0.99,1423
2017,-1.81,-6.2,1315
2009,6.18,-2.72,1295
2014,6.31,-0.02,1295
2015,-1.72,-3.63,1295
2015,-0.82,-5.94,1316
2007,-3.11,-6.59,1317
2010,-2.49,-4.72,1317
2015,2.03,-1.34,1318
2011,1.39,-2.24,1294
2004,6.87,3.2,1320
2005,10.14,5.31,1320
2006,11.55,5.13,1320
2009,5.63,2.24,1320
2010,12.03,4.27,1320
2015,12.54,2.0,1320
2016,8.78,4.44,1320
2017,-0.45,-3.48,1297
2017,14.16,8.13,1321
2006,4.01,-1.38,1322
2013,0.41,-3.77,1322
2003,17.32,9.43,1323
2007,16.94,4.97,1323
2008,16.15,7.03,1323
2010,13.14,6.22,1323
2012,11.18,6.47,1323
2011,18.17,8.43,1323
2013,13.74,7.22,1323
2015,19.23,7.02,1323
2016,14.1,9.57,1323
2017,18.94,10.15,1323
2005,-2.66,0.86,1324
2010,-0.64,-2.96,1324
2011,8.28,0.1,1324
2005,5.36,1.8,1325
2010,4.56,-0.03,1325
2012,7.17,0.17,1325
2006,16.08,5.9,1326
2007,21.54,9.03,1326
2009,12.48,8.23,1326
2010,19.49,7.37,1326
2012,23.95,9.07,1326
2011,25.84,8.38,1326
2013,20.19,9.32,1326
2014,17.84,8.12,1326
2015,19.68,7.37,1326
2003,18.86,8.53,1328
2005,19.96,8.84,1328
2006,11.89,6.79,1328
2008,11.97,7.85,1328
2009,18.07,6.88,1328
2013,11.4,7.09,1328
2014,14.91,8.97,1328
2015,18.65,9.94,1328
2016,19.76,11.14,1328
2003,14.62,8.46,1329
2004,20.85,7.23,1329
2005,21.4,9.68,1329
2009,13.78,7.44,1329
2010,12.34,6.97,1329
2013,15.57,6.73,1329
2014,19.02,8.34,1329
2015,12.95,9.63,1329
2017,19.25,12.02,1329
2005,5.97,-2.59,1330
2007,7.83,0.44,1330
2010,11.39,1.78,1330
2011,9.03,1.76,1330
2006,3.23,-2.35,1331
2007,4.54,-1.04,1331
2008,5.71,-0.26,1331
2003,14.05,6.11,1332
2007,15.95,6.3,1332
2008,11.68,7.65,1332
2013,13.82,5.77,1332
2014,15.75,8.05,1332
2015,11.43,7.65,1332
2016,18.05,8.64,1332
2017,20.62,7.31,1332
2016,10.39,9.26,1333
2004,5.76,0.95,1334
2005,8.95,1.16,1334
2006,6.93,-1.57,1334
2013,1.96,1.05,1334
2011,11.98,11.45,1336
2003,8.44,-1.45,1335
2005,4.71,-1.98,1335
2006,6.01,-2.31,1335
2007,4.16,-1.64,1335
2003,21.49,5.79,1338
2004,18.2,6.49,1338
2005,14.53,5.73,1338
2006,16.37,7.01,1338
2007,16.99,8.53,1338
2008,15.62,7.84,1338
2009,21.21,8.61,1338
2010,14.3,7.39,1338
2011,20.82,7.85,1338
2013,18.82,5.63,1338
2014,17.46,7.54,1338
2016,15.47,8.75,1338
2008,1.72,-3.01,1340
2009,1.14,-3.16,1340
2004,1.54,-3.32,1343
2011,3.71,-1.61,1343
2017,6.45,-2.34,1343
2004,14.87,8.21,1344
2014,11.37,7.85,1344
2015,13.71,9.5,1344
2016,11.94,8.46,1344
2017,11.8,8.18,1344
2003,15.95,9.42,1345
2007,14.65,8.89,1345
2008,13.1,5.9,1345
2009,16.44,7.17,1345
2010,17.52,8.81,1345
2012,13.88,8.05,1345
2011,19.36,8.69,1345
2015,12.93,7.64,1345
2016,20.17,7.46,1345
2017,21.33,8.36,1345
2009,-4.55,-4.37,1347
2017,12.57,4.09,1348
2004,10.07,5.07,1350
2010,10.03,3.43,1350
2011,11.23,2.79,1350
2009,-0.7,-5.23,1352
2010,-3.71,-6.15,1352
2015,-3.02,-3.5,1352
2003,14.61,3.71,1386
2004,20.03,4.97,1386
2008,9.63,3.98,1386
2014,9.05,5.08,1386
2016,12.1,4.93,1386
2012,15.15,4.06,1387
2013,14.33,4.28,1387
2014,11.63,4.24,1387
2005,6.68,2.4,1388
2008,11.39,0.36,1388
2010,13.38,2.2,1388
2012,11.26,0.78,1388
2013,14.51,3.31,1388
2017,17.16,1.66,1388
2011,-0.28,-1.08,1389
2003,-1.65,-6.87,1358
2010,3.71,-3.37,1358
2003,5.46,2.74,1360
2008,3.39,1.45,1360
2006,9.81,3.65,1361
2010,11.34,4.21,1361
2012,9.04,3.79,1361
2011,17.96,6.36,1361
2013,13.01,6.19,1361
2014,14.95,4.86,1361
2015,11.81,4.24,1361
2004,14.28,7.78,1371
2006,6.78,6.11,1371
2016,14.66,8.28,1371
2017,12.57,9.44,1371
2008,4.06,-1.62,1373
2009,8.05,0.99,1373
2010,8.48,-1.17,1373
2006,4.88,-2.18,1375
2008,7.76,-1.21,1375
2004,12.77,5.33,1376
2017,15.5,8.56,1376
2003,-9.2,-10.14,1354
2012,7.34,-1.87,1355
2013,2.36,-3.27,1355
2016,5.44,-1.22,1355
2017,-2.38,-1.31,1355
2012,9.2,7.29,1378
2005,-0.86,-5.22,1368
2006,-5.97,-6.69,1380
2013,-2.61,-10.31,1380
2016,-7.68,-9.37,1380
2007,13.78,7.87,1425
2008,13.89,8.59,1425
2009,14.09,9.15,1425
2011,11.52,7.97,1425
2016,13.52,7.64,1425
2017,11.08,5.56,1425
2003,8.57,2.37,1356
2004,10.7,2.64,1356
2005,11.53,5.12,1356
2006,8.93,4.62,1356
2007,13.59,7.53,1356
2015,12.94,3.57,1374
2017,19.14,4.43,1374
2012,7.79,3.61,1379
2012,8.25,2.84,1382
2011,13.1,10.01,1385
2015,11.85,9.04,1385
2003,13.25,8.37,1390
2004,17.46,4.34,1390
2005,9.1,8.13,1390
2007,11.16,9.06,1390
2008,16.31,6.95,1390
2014,13.42,9.0,1390
2009,1.1,-3.21,1372
2014,4.82,-6.76,1372
2015,8.61,-4.2,1372
2016,9.23,-5.47,1372
2016,3.75,-5.28,1392
2003,19.02,9.02,1393
2004,13.06,7.61,1393
2005,15.95,6.83,1393
2006,11.68,8.16,1393
2009,17.24,9.48,1393
2010,21.72,7.21,1393
2012,21.12,8.02,1393
2011,18.85,8.79,1393
2013,20.3,8.57,1393
2014,16.05,7.25,1393
2016,14.62,9.75,1393
2008,8.16,4.57,1396
2009,9.05,3.9,1396
2010,12.44,4.27,1396
2012,10.44,4.94,1396
2011,12.35,4.23,1396
2013,9.52,5.2,1396
2016,7.69,6.57,1396
2006,14.73,7.76,1397
2007,14.97,9.15,1397
2008,18.41,7.84,1397
2009,13.6,7.71,1397
2010,16.05,7.75,1397
2011,11.08,8.73,1397
2014,17.34,7.84,1397
2003,18.91,9.27,1400
2004,18.52,8.4,1400
2005,15.49,7.56,1400
2006,21.89,6.99,1400
2007,15.6,6.12,1400
2008,18.13,8.59,1400
2009,14.83,8.09,1400
2010,18.56,7.38,1400
2012,14.0,8.12,1400
2011,20.82,7.96,1400
2014,12.67,9.15,1400
2015,16.16,9.07,1400
2016,14.8,11.71,1400
2006,13.19,4.77,1401
2007,21.27,5.13,1401
2008,16.2,7.46,1401
2009,10.52,6.13,1401
2010,15.24,9.8,1401
2011,12.62,5.94,1401
2016,18.45,8.45,1401
2007,3.07,-4.8,1394
2003,-9.57,-11.21,1411
2014,-8.41,-10.07,1411
2015,-5.98,-6.09,1411
2017,-5.95,-8.54,1411
2004,14.71,8.21,1403
2005,16.24,9.11,1403
2007,9.71,7.16,1403
2016,12.41,10.25,1403
2008,-2.87,-4.62,1426
2004,11.42,3.55,1431
2005,9.61,0.91,1431
2010,12.66,1.96,1431
2004,-7.22,-6.11,1427
2011,-5.8,-4.93,1427
2003,2.86,-4.8,1407
2017,-0.29,-3.91,1407
2003,10.41,2.29,1409
2014,6.23,1.17,1409
2016,9.79,5.76,1409
2017,-5.02,-5.52,1413
2015,3.63,0.45,1414
2010,-0.13,-1.09,1364
2011,1.22,0.12,1364
2005,9.16,7.09,1417
2006,17.34,8.27,1417
2007,20.9,9.84,1417
2008,21.71,7.71,1417
2009,18.64,7.19,1417
2011,11.7,7.93,1417
2013,12.88,7.82,1417
2014,18.4,7.62,1417
2015,12.07,8.27,1417
2017,20.77,5.74,1417
2003,11.77,7.58,1143
2006,12.31,8.84,1143
2009,13.3,7.21,1143
2010,17.29,8.26,1143
2012,13.79,4.53,1143
2013,10.65,7.77,1143
2016,15.39,7.87,1143
2003,11.0,5.25,1428
2004,11.37,4.53,1428
2005,14.01,4.54,1428
2009,12.59,5.72,1428
2015,20.98,7.42,1428
2016,15.5,8.79,1428
2003,4.16,-1.43,1429
2005,12.75,-1.47,1429
2006,7.76,1.79,1429
2009,9.33,0.07,1429
2010,13.62,1.23,1429
2011,13.23,0.5,1429
2004,-0.09,0.01,1434
2013,7.15,-1.13,1434
2015,6.29,-2.0,1434
2004,15.7,7.58,1435
2007,12.76,7.79,1435
2008,10.96,5.54,1435
2010,15.24,7.86,1435
2012,15.71,8.04,1435
2011,15.1,6.86,1435
2016,17.2,8.68,1435
2017,13.79,10.68,1435
2003,-1.32,-4.85,1436
2004,-2.75,-6.36,1436
2005,7.8,-1.95,1436
2010,-1.26,-6.69,1436
2012,0.98,-5.19,1436
2017,6.75,-3.8,1436
2005,19.06,8.43,1437
2006,19.51,9.23,1437
2007,16.13,9.16,1437
2008,11.0,7.69,1437
2009,17.45,8.72,1437
2010,16.72,7.75,1437
2011,15.05,8.23,1437
2013,10.74,8.53,1437
2014,18.97,7.5,1437
2015,23.13,7.55,1437
2016,24.08,9.71,1437
2017,24.75,9.87,1437
2007,12.89,7.96,1438
2012,12.51,4.23,1438
2014,18.38,7.86,1438
2015,21.73,7.81,1438
2016,22.04,11.12,1438
2017,22.29,11.32,1438
2004,6.8,-0.17,1433
2007,9.5,0.2,1433
2009,7.7,-0.65,1433
2012,8.79,0.63,1433
2011,8.56,3.78,1433
2013,16.89,4.47,1433
2014,14.55,4.78,1433
2015,12.79,6.1,1433
2016,13.83,4.35,1433
2017,12.04,3.78,1433
2007,14.35,8.26,1439
2017,13.57,8.73,1439
2003,-3.33,-6.48,1447
2003,16.96,6.96,1448
2004,18.45,11.03,1448
2005,20.24,10.27,1448
2009,15.63,7.36,1448
2010,11.45,8.85,1448
2017,14.8,10.41,1448
2004,9.46,6.43,1449
2005,19.77,7.66,1449
2006,18.08,5.96,1449
2009,16.78,8.19,1449
2010,15.64,7.49,1449
2011,20.12,7.74,1449
2007,13.33,6.0,1450
2008,16.35,6.35,1450
2003,4.56,-2.01,1451
2007,-4.03,-3.33,1451
2014,-0.92,-4.23,1451
2016,0.18,-5.13,1451
2005,11.76,7.62,1452
2006,14.51,8.54,1452
2008,17.97,7.16,1452
2009,18.57,8.34,1452
2010,19.16,10.26,1452
2012,12.13,7.53,1452
2011,16.15,11.03,1452
2015,15.12,9.29,1452
2016,21.61,9.78,1452
2017,24.87,9.22,1452
2003,7.71,1.4,1443
2008,9.34,0.24,1443
2009,3.68,-1.23,1443
2012,-2.66,0.51,1443
2013,-0.65,-1.14,1443
2004,12.31,-0.11,1444
2014,1.73,-1.45,1444
2006,11.45,4.72,1455
2012,17.42,3.8,1455
2013,14.68,6.09,1455
2014,16.65,1.74,1455
2015,15.56,3.68,1455
2016,17.39,4.24,1455
2017,21.54,2.24,1455
2005,0.48,-6.65,1457
2006,6.28,-4.93,1457
2007,9.17,-1.2,1457
2008,3.61,-1.45,1457
2010,-8.68,-7.31,1457
2017,1.61,-6.49,1457
2003,17.48,6.51,1458
2004,18.96,7.49,1458
2005,16.76,9.61,1458
2006,13.14,7.24,1458
2007,19.28,6.95,1458
2008,19.59,6.73,1458
2009,12.43,8.43,1458
2010,17.84,7.66,1458
2012,19.04,8.24,1458
2011,18.77,9.42,1458
2013,18.76,9.73,1458
2014,19.69,10.19,1458
2015,24.61,10.29,1458
2016,13.4,9.4,1458
2017,19.37,8.84,1458
2010,4.43,-2.57,1459
2011,4.35,-1.21,1459
2014,-4.32,-5.95,1459
2015,2.56,-2.98,1459
2007,1.94,-0.31,1460
2015,3.81,-0.04,1461
2003,16.08,4.61,1462
2004,13.84,5.84,1462
2006,10.11,1.99,1462
2007,14.18,3.39,1462
2008,17.17,5.47,1462
2009,14.45,4.65,1462
2010,16.23,5.94,1462
2012,9.59,6.22,1462
2011,11.88,4.41,1462
2014,11.84,8.14,1462
2015,15.42,9.48,1462
2016,18.58,8.43,1462
2017,14.41,11.14,1462
2016,9.08,-1.03,1463
