id,pred
2017_1112_1116,0.786513924599
2017_1112_1124,0.314222991467
2017_1112_1137,0.823152065277
2017_1112_1139,0.453808367252
2017_1112_1153,0.422448039055
2017_1112_1166,0.632095873356
2017_1112_1173,0.684310436249
2017_1112_1181,0.0745347514749
2017_1112_1190,0.741163134575
2017_1112_1195,0.901192009449
2017_1112_1196,0.190837725997
2017_1112_1199,0.309396117926
2017_1112_1211,0.0165778324008
2017_1112_1233,0.992562115192
2017_1112_1235,0.370258361101
2017_1112_1240,0.962620258331
2017_1112_1242,0.0348962135613
2017_1112_1243,0.567995667458
2017_1112_1245,0.955783545971
2017_1112_1246,0.0356780327857
2017_1112_1257,0.0900039672852
2017_1112_1266,0.611485421658
2017_1112_1268,0.6259739995
2017_1112_1274,0.580318212509
2017_1112_1276,0.446026325226
2017_1112_1277,0.635303199291
2017_1112_1278,0.554828226566
2017_1112_1291,0.984423577785
2017_1112_1292,0.688075363636
2017_1112_1297,0.958986759186
2017_1112_1300,0.97821700573
2017_1112_1305,0.537560164928
2017_1112_1308,0.781145989895
2017_1112_1309,0.967098236084
2017_1112_1314,0.0164425764233
2017_1112_1315,0.992499411106
2017_1112_1321,0.623378694057
2017_1112_1323,0.365802586079
2017_1112_1329,0.435001760721
2017_1112_1332,0.222495526075
2017_1112_1343,0.84602534771
2017_1112_1344,0.713892579079
2017_1112_1345,0.160305216908
2017_1112_1348,0.618763327599
2017_1112_1355,0.996432304382
2017_1112_1371,0.583093881607
2017_1112_1374,0.38116183877
2017_1112_1376,0.621616959572
2017_1112_1388,0.548966705799
2017_1112_1407,0.97347009182
2017_1112_1411,0.98638188839
2017_1112_1413,0.969603955746
2017_1112_1417,0.642090797424
2017_1112_1423,0.914793491364
2017_1112_1425,0.604775607586
2017_1112_1433,0.624912142754
2017_1112_1435,0.647001624107
2017_1112_1436,0.770631790161
2017_1112_1437,0.0359562560916
2017_1112_1438,0.464215815067
2017_1112_1439,0.592953145504
2017_1112_1448,0.81899702549
2017_1112_1452,0.0548775978386
2017_1112_1455,0.0210946220905
2017_1112_1457,0.964214682579
2017_1112_1458,0.411067187786
2017_1112_1462,0.440916389227
2017_1116_1124,0.0339131653309
2017_1116_1137,0.726910531521
2017_1116_1139,0.0947414562106
2017_1116_1153,0.0620587393641
2017_1116_1166,0.565859735012
2017_1116_1173,0.523578286171
2017_1116_1181,0.0134333288297
2017_1116_1190,0.750063061714
2017_1116_1195,0.907138168812
2017_1116_1196,0.0204499140382
2017_1116_1199,0.0907121002674
2017_1116_1211,0.00210664724
2017_1116_1233,0.993610084057
2017_1116_1235,0.181806594133
2017_1116_1240,0.945469796658
2017_1116_1242,0.00905609037727
2017_1116_1243,0.363178789616
2017_1116_1245,0.960370540619
2017_1116_1246,0.00995090045035
2017_1116_1257,0.0112298000604
2017_1116_1266,0.492109447718
2017_1116_1268,0.410822302103
2017_1116_1274,0.296706527472
2017_1116_1276,0.0960839092731
2017_1116_1277,0.222386330366
2017_1116_1278,0.350348234177
2017_1116_1291,0.987176835537
2017_1116_1292,0.410209298134
2017_1116_1297,0.962788403034
2017_1116_1300,0.975552499294
2017_1116_1305,0.483086079359
2017_1116_1308,0.726687192917
2017_1116_1309,0.96060359478
2017_1116_1314,0.00388807035051
2017_1116_1315,0.99345010519
2017_1116_1321,0.355222344398
2017_1116_1323,0.0884905084968
2017_1116_1329,0.31615421176
2017_1116_1332,0.0159625820816
2017_1116_1343,0.637850403786
2017_1116_1344,0.543070852757
2017_1116_1345,0.0168996416032
2017_1116_1348,0.274980992079
2017_1116_1355,0.997051477432
2017_1116_1371,0.140040531754
2017_1116_1374,0.0416459068656
2017_1116_1376,0.350248366594
2017_1116_1388,0.130685955286
2017_1116_1407,0.975899100304
2017_1116_1411,0.989029526711
2017_1116_1413,0.965665996075
2017_1116_1417,0.54598903656
2017_1116_1423,0.928256869316
2017_1116_1425,0.545521914959
2017_1116_1433,0.211656689644
2017_1116_1435,0.240787312388
2017_1116_1436,0.545809149742
2017_1116_1437,0.00434729130939
2017_1116_1438,0.112117655575
2017_1116_1439,0.464698910713
2017_1116_1448,0.777960181236
2017_1116_1452,0.0077979452908
2017_1116_1455,0.00273594516329
2017_1116_1457,0.967388212681
2017_1116_1458,0.0922354385257
2017_1116_1462,0.0992081314325
2017_1124_1137,0.913848161697
2017_1124_1139,0.653506815434
2017_1124_1153,0.626861214638
2017_1124_1166,0.79913020134
2017_1124_1173,0.821389496326
2017_1124_1181,0.429024428129
2017_1124_1190,0.863801777363
2017_1124_1195,0.949005961418
2017_1124_1196,0.500707924366
2017_1124_1199,0.57175052166
2017_1124_1211,0.241784483194
2017_1124_1233,0.995413124561
2017_1124_1235,0.612011373043
2017_1124_1240,0.972688436508
2017_1124_1242,0.370178282261
2017_1124_1243,0.731606543064
2017_1124_1245,0.973799884319
2017_1124_1246,0.372657001019
2017_1124_1257,0.427489608526
2017_1124_1266,0.814779818058
2017_1124_1268,0.779868721962
2017_1124_1274,0.741178631783
2017_1124_1276,0.64233148098
2017_1124_1277,0.783429563046
2017_1124_1278,0.729428648949
2017_1124_1291,0.98821413517
2017_1124_1292,0.822684049606
2017_1124_1297,0.974852204323
2017_1124_1300,0.983259320259
2017_1124_1305,0.721058428288
2017_1124_1308,0.891483366489
2017_1124_1309,0.976155877113
2017_1124_1314,0.157839924097
2017_1124_1315,0.994867801666
2017_1124_1321,0.775491714478
2017_1124_1323,0.588154554367
2017_1124_1329,0.748009026051
2017_1124_1332,0.532263875008
2017_1124_1343,0.917100906372
2017_1124_1344,0.840296089649
2017_1124_1345,0.494320213795
2017_1124_1348,0.771437644958
2017_1124_1355,0.997565150261
2017_1124_1371,0.751070022583
2017_1124_1374,0.598799586296
2017_1124_1376,0.77294832468
2017_1124_1388,0.723147690296
2017_1124_1407,0.982690215111
2017_1124_1411,0.989240825176
2017_1124_1413,0.977608919144
2017_1124_1417,0.87780469656
2017_1124_1423,0.95429444313
2017_1124_1425,0.773598074913
2017_1124_1433,0.778910398483
2017_1124_1435,0.791714072227
2017_1124_1436,0.880981385708
2017_1124_1437,0.352411955595
2017_1124_1438,0.646016001701
2017_1124_1439,0.786828458309
2017_1124_1448,0.914149820805
2017_1124_1452,0.325479239225
2017_1124_1455,0.199144020677
2017_1124_1457,0.97876727581
2017_1124_1458,0.606228232384
2017_1124_1462,0.637471556664
2017_1137_1139,0.224879592657
2017_1137_1153,0.16498143971
2017_1137_1166,0.175852194428
2017_1137_1173,0.328146845102
2017_1137_1181,0.0344531275332
2017_1137_1190,0.321964353323
2017_1137_1195,0.483447343111
2017_1137_1196,0.072380900383
2017_1137_1199,0.0570417195559
2017_1137_1211,0.00909716356546
2017_1137_1233,0.899590134621
2017_1137_1235,0.0704383775592
2017_1137_1240,0.774870276451
2017_1137_1242,0.0147950723767
2017_1137_1243,0.282958835363
2017_1137_1245,0.596689224243
2017_1137_1246,0.0124761220068
2017_1137_1257,0.0427367277443
2017_1137_1266,0.0856194570661
2017_1137_1268,0.314282357693
2017_1137_1274,0.293905436993
2017_1137_1276,0.228815332055
2017_1137_1277,0.331838518381
2017_1137_1278,0.291181713343
2017_1137_1291,0.900616407394
2017_1137_1292,0.329967856407
2017_1137_1297,0.656399250031
2017_1137_1300,0.813180088997
2017_1137_1305,0.245169505477
2017_1137_1308,0.368339896202
2017_1137_1309,0.76723498106
2017_1137_1314,0.00904062576592
2017_1137_1315,0.903715372086
2017_1137_1321,0.311810225248
2017_1137_1323,0.133387088776
2017_1137_1329,0.0382681824267
2017_1137_1332,0.0605412274599
2017_1137_1343,0.470729351044
2017_1137_1344,0.335789084435
2017_1137_1345,0.0507459491491
2017_1137_1348,0.312170028687
2017_1137_1355,0.9581579566
2017_1137_1371,0.311700254679
2017_1137_1374,0.126666292548
2017_1137_1376,0.310759842396
2017_1137_1388,0.277129352093
2017_1137_1407,0.711318254471
2017_1137_1411,0.884364902973
2017_1137_1413,0.816816627979
2017_1137_1417,0.032517939806
2017_1137_1423,0.401865422726
2017_1137_1425,0.23166026175
2017_1137_1433,0.319496005774
2017_1137_1435,0.336200684309
2017_1137_1436,0.37016454339
2017_1137_1437,0.0188738331199
2017_1137_1438,0.172248393297
2017_1137_1439,0.12442778796
2017_1137_1448,0.204617902637
2017_1137_1452,0.0286405142397
2017_1137_1455,0.0128467744216
2017_1137_1457,0.618751943111
2017_1137_1458,0.178325995803
2017_1137_1462,0.22189168632
2017_1139_1153,0.451208949089
2017_1139_1166,0.838381230831
2017_1139_1173,0.758454859257
2017_1139_1181,0.157329261303
2017_1139_1190,0.881141126156
2017_1139_1195,0.953809082508
2017_1139_1196,0.206367179751
2017_1139_1199,0.495163232088
2017_1139_1211,0.0164459925145
2017_1139_1233,0.996696233749
2017_1139_1235,0.58733445406
2017_1139_1240,0.970820665359
2017_1139_1242,0.128428548574
2017_1139_1243,0.604421079159
2017_1139_1245,0.979928672314
2017_1139_1246,0.148464754224
2017_1139_1257,0.0866950601339
2017_1139_1266,0.816777348518
2017_1139_1268,0.665675878525
2017_1139_1274,0.613568782806
2017_1139_1276,0.479733139277
2017_1139_1277,0.648684024811
2017_1139_1278,0.619828104973
2017_1139_1291,0.991076231003
2017_1139_1292,0.716689109802
2017_1139_1297,0.981200993061
2017_1139_1300,0.986157059669
2017_1139_1305,0.757614433765
2017_1139_1308,0.882997632027
2017_1139_1309,0.978858172894
2017_1139_1314,0.0292182136327
2017_1139_1315,0.99648141861
2017_1139_1321,0.654944956303
2017_1139_1323,0.482910990715
2017_1139_1329,0.696468770504
2017_1139_1332,0.236780539155
2017_1139_1343,0.877924919128
2017_1139_1344,0.752557635307
2017_1139_1345,0.189456045628
2017_1139_1348,0.646536409855
2017_1139_1355,0.998359978199
2017_1139_1371,0.598829627037
2017_1139_1374,0.407096028328
2017_1139_1376,0.652870535851
2017_1139_1388,0.581347644329
2017_1139_1407,0.987403512001
2017_1139_1411,0.992923259735
2017_1139_1413,0.979885399342
2017_1139_1417,0.853641748428
2017_1139_1423,0.965938985348
2017_1139_1425,0.815660178661
2017_1139_1433,0.642670989037
2017_1139_1435,0.659266889095
2017_1139_1436,0.813334643841
2017_1139_1437,0.0344131290913
2017_1139_1438,0.484998524189
2017_1139_1439,0.799643933773
2017_1139_1448,0.93668615818
2017_1139_1452,0.0526949316263
2017_1139_1455,0.0197015628219
2017_1139_1457,0.984025895596
2017_1139_1458,0.444081455469
2017_1139_1462,0.469624906778
2017_1153_1166,0.671718895435
2017_1153_1173,0.761128842831
2017_1153_1181,0.345266193151
2017_1153_1190,0.774763524532
2017_1153_1195,0.907971322536
2017_1153_1196,0.420754611492
2017_1153_1199,0.454752236605
2017_1153_1211,0.14659486711
2017_1153_1233,0.990858137608
2017_1153_1235,0.496374279261
2017_1153_1240,0.960874259472
2017_1153_1242,0.252265453339
2017_1153_1243,0.656122028828
2017_1153_1245,0.949353814125
2017_1153_1246,0.225582972169
2017_1153_1257,0.354095548391
2017_1153_1266,0.689992904663
2017_1153_1268,0.714093446732
2017_1153_1274,0.667320311069
2017_1153_1276,0.561971008778
2017_1153_1277,0.722737193108
2017_1153_1278,0.65763425827
2017_1153_1291,0.981580078602
2017_1153_1292,0.764927089214
2017_1153_1297,0.957122385502
2017_1153_1300,0.973002433777
2017_1153_1305,0.622430205345
2017_1153_1308,0.825157821178
2017_1153_1309,0.962676942348
2017_1153_1314,0.13651663065
2017_1153_1315,0.990405738354
2017_1153_1321,0.707628905773
2017_1153_1323,0.506151378155
2017_1153_1329,0.637493252754
2017_1153_1332,0.455572903156
2017_1153_1343,0.883466482162
2017_1153_1344,0.781799018383
2017_1153_1345,0.420134305954
2017_1153_1348,0.703751862049
2017_1153_1355,0.995614409447
2017_1153_1371,0.685094296932
2017_1153_1374,0.517026126385
2017_1153_1376,0.703439354897
2017_1153_1388,0.64986628294
2017_1153_1407,0.968035757542
2017_1153_1411,0.982345402241
2017_1153_1413,0.968124508858
2017_1153_1417,0.778742671013
2017_1153_1423,0.908837080002
2017_1153_1425,0.651729524136
2017_1153_1433,0.715111494064
2017_1153_1435,0.731707394123
2017_1153_1436,0.831455349922
2017_1153_1437,0.27941814065
2017_1153_1438,0.560676813126
2017_1153_1439,0.666126012802
2017_1153_1448,0.838690400124
2017_1153_1452,0.3069242239
2017_1153_1455,0.172694578767
2017_1153_1457,0.955614626408
2017_1153_1458,0.521498024464
2017_1153_1462,0.556654989719
2017_1166_1173,0.883258700371
2017_1166_1181,0.381748735905
2017_1166_1190,0.953594744205
2017_1166_1195,0.980468511581
2017_1166_1196,0.259452998638
2017_1166_1199,0.71867787838
2017_1166_1211,0.0132473520935
2017_1166_1233,0.998596012592
2017_1166_1235,0.79819893837
2017_1166_1240,0.982084929943
2017_1166_1242,0.382646292448
2017_1166_1243,0.731202065945
2017_1166_1245,0.991266071796
2017_1166_1246,0.42642775178
2017_1166_1257,0.0659161061049
2017_1166_1266,0.930528759956
2017_1166_1268,0.80487293005
2017_1166_1274,0.626360297203
2017_1166_1276,0.541655182838
2017_1166_1277,0.657995998859
2017_1166_1278,0.80809289217
2017_1166_1291,0.995611131191
2017_1166_1292,0.75609254837
2017_1166_1297,0.991699099541
2017_1166_1300,0.992225527763
2017_1166_1305,0.907211482525
2017_1166_1308,0.944519817829
2017_1166_1309,0.987462341785
2017_1166_1314,0.135465949774
2017_1166_1315,0.998431861401
2017_1166_1321,0.708313167095
2017_1166_1323,0.693508386612
2017_1166_1329,0.872330844402
2017_1166_1332,0.260038793087
2017_1166_1343,0.903481483459
2017_1166_1344,0.870214343071
2017_1166_1345,0.400096386671
2017_1166_1348,0.651393294334
2017_1166_1355,0.999277532101
2017_1166_1371,0.614694297314
2017_1166_1374,0.391524791718
2017_1166_1376,0.667300879955
2017_1166_1388,0.578852295876
2017_1166_1407,0.994397878647
2017_1166_1411,0.996740281582
2017_1166_1413,0.987752914429
2017_1166_1417,0.946335554123
2017_1166_1423,0.985887467861
2017_1166_1425,0.929893136024
2017_1166_1433,0.655038297176
2017_1166_1435,0.670572638512
2017_1166_1436,0.862849116325
2017_1166_1437,0.0257727932185
2017_1166_1438,0.481525748968
2017_1166_1439,0.920791745186
2017_1166_1448,0.973315477371
2017_1166_1452,0.0770743563771
2017_1166_1455,0.014357981272
2017_1166_1457,0.993111729622
2017_1166_1458,0.442108124495
2017_1166_1462,0.550615370274
2017_1173_1181,0.0270922929049
2017_1173_1190,0.503037214279
2017_1173_1195,0.707301139832
2017_1173_1196,0.0636673495173
2017_1173_1199,0.0605537034571
2017_1173_1211,0.00650489842519
2017_1173_1233,0.976766228676
2017_1173_1235,0.0804355368018
2017_1173_1240,0.895498692989
2017_1173_1242,0.0133018959314
2017_1173_1243,0.331845641136
2017_1173_1245,0.856784820557
2017_1173_1246,0.0119273168966
2017_1173_1257,0.035103701055
2017_1173_1266,0.212823331356
2017_1173_1268,0.361925601959
2017_1173_1274,0.34223023057
2017_1173_1276,0.252433985472
2017_1173_1277,0.349129766226
2017_1173_1278,0.303515970707
2017_1173_1291,0.962965130806
2017_1173_1292,0.425425678492
2017_1173_1297,0.866886198521
2017_1173_1300,0.941536188126
2017_1173_1305,0.258752048016
2017_1173_1308,0.543989121914
2017_1173_1309,0.912031233311
2017_1173_1314,0.0070666722022
2017_1173_1315,0.976585328579
2017_1173_1321,0.36294862628
2017_1173_1323,0.121852770448
2017_1173_1329,0.0821580439806
2017_1173_1332,0.0504388213158
2017_1173_1343,0.638897895813
2017_1173_1344,0.477966845036
2017_1173_1345,0.0421748124063
2017_1173_1348,0.352242350578
2017_1173_1355,0.989625751972
2017_1173_1371,0.309871047735
2017_1173_1374,0.126141279936
2017_1173_1376,0.367317259312
2017_1173_1388,0.302152514458
2017_1173_1407,0.916541039944
2017_1173_1411,0.962595403194
2017_1173_1413,0.924288928509
2017_1173_1417,0.221971437335
2017_1173_1423,0.737441897392
2017_1173_1425,0.325633853674
2017_1173_1433,0.329879701138
2017_1173_1435,0.355505764484
2017_1173_1436,0.529781639576
2017_1173_1437,0.0134083898738
2017_1173_1438,0.296231180429
2017_1173_1439,0.215382739902
2017_1173_1448,0.526669442654
2017_1173_1452,0.0223938357085
2017_1173_1455,0.00896051712334
2017_1173_1457,0.878359735012
2017_1173_1458,0.248892679811
2017_1173_1462,0.250722676516
2017_1181_1190,0.968898415565
2017_1181_1195,0.98696064949
2017_1181_1196,0.413280934095
2017_1181_1199,0.817944407463
2017_1181_1211,0.0678829923272
2017_1181_1233,0.999011874199
2017_1181_1235,0.870627224445
2017_1181_1240,0.987473011017
2017_1181_1242,0.509038507938
2017_1181_1243,0.802457630634
2017_1181_1245,0.994085788727
2017_1181_1246,0.543391823769
2017_1181_1257,0.272773087025
2017_1181_1266,0.957314193249
2017_1181_1268,0.875050902367
2017_1181_1274,0.763861119747
2017_1181_1276,0.651938438416
2017_1181_1277,0.792209923267
2017_1181_1278,0.875093519688
2017_1181_1291,0.996781349182
2017_1181_1292,0.873326301575
2017_1181_1297,0.994190573692
2017_1181_1300,0.994246304035
2017_1181_1305,0.938139498234
2017_1181_1308,0.963532686234
2017_1181_1309,0.991035044193
2017_1181_1314,0.278507351875
2017_1181_1315,0.998861432076
2017_1181_1321,0.822684586048
2017_1181_1323,0.782875359058
2017_1181_1329,0.911303222179
2017_1181_1332,0.441499561071
2017_1181_1343,0.946299493313
2017_1181_1344,0.912913501263
2017_1181_1345,0.536875128746
2017_1181_1348,0.785653352737
2017_1181_1355,0.999449670315
2017_1181_1371,0.758801043034
2017_1181_1374,0.550539255142
2017_1181_1376,0.797343313694
2017_1181_1388,0.726406991482
2017_1181_1407,0.996027112007
2017_1181_1411,0.997534155846
2017_1181_1413,0.991261959076
2017_1181_1417,0.965082705021
2017_1181_1423,0.990305066109
2017_1181_1425,0.954538762569
2017_1181_1433,0.80350369215
2017_1181_1435,0.803808152676
2017_1181_1436,0.928614258766
2017_1181_1437,0.117916367948
2017_1181_1438,0.621953606606
2017_1181_1439,0.950581371784
2017_1181_1448,0.981301307678
2017_1181_1452,0.193909883499
2017_1181_1455,0.0519115738571
2017_1181_1457,0.995425403118
2017_1181_1458,0.589678406715
2017_1181_1462,0.658577442169
2017_1190_1195,0.580793976784
2017_1190_1196,0.0474959127605
2017_1190_1199,0.0402684956789
2017_1190_1211,0.00530350953341
2017_1190_1233,0.949914574623
2017_1190_1235,0.0533942654729
2017_1190_1240,0.815445542336
2017_1190_1242,0.0096946824342
2017_1190_1243,0.306505262852
2017_1190_1245,0.714695572853
2017_1190_1246,0.00872817635536
2017_1190_1257,0.0274027902633
2017_1190_1266,0.0695669725537
2017_1190_1268,0.319369524717
2017_1190_1274,0.316464483738
2017_1190_1276,0.191047996283
2017_1190_1277,0.325506061316
2017_1190_1278,0.276297748089
2017_1190_1291,0.936200141907
2017_1190_1292,0.340752124786
2017_1190_1297,0.751888751984
2017_1190_1300,0.889957249165
2017_1190_1305,0.183581188321
2017_1190_1308,0.424831807613
2017_1190_1309,0.828367590904
2017_1190_1314,0.00565794715658
2017_1190_1315,0.950240075588
2017_1190_1321,0.328251361847
2017_1190_1323,0.089532122016
2017_1190_1329,0.0333668105304
2017_1190_1332,0.0373257808387
2017_1190_1343,0.520092427731
2017_1190_1344,0.36898240447
2017_1190_1345,0.0310632716864
2017_1190_1348,0.329009145498
2017_1190_1355,0.977932155132
2017_1190_1371,0.265123486519
2017_1190_1374,0.0934523269534
2017_1190_1376,0.331238657236
2017_1190_1388,0.256298482418
2017_1190_1407,0.819494724274
2017_1190_1411,0.928858041763
2017_1190_1413,0.860994398594
2017_1190_1417,0.046748008579
2017_1190_1423,0.546992957592
2017_1190_1425,0.182246610522
2017_1190_1433,0.307044178247
2017_1190_1435,0.327431023121
2017_1190_1436,0.420082837343
2017_1190_1437,0.0114423595369
2017_1190_1438,0.20484302938
2017_1190_1439,0.0981168299913
2017_1190_1448,0.315960884094
2017_1190_1452,0.0177292563021
2017_1190_1455,0.00720537267625
2017_1190_1457,0.740561723709
2017_1190_1458,0.183706715703
2017_1190_1462,0.188335493207
2017_1195_1196,0.0236945934594
2017_1195_1199,0.0179740265012
2017_1195_1211,0.00372796598822
2017_1195_1233,0.814780771732
2017_1195_1235,0.0236819796264
2017_1195_1240,0.628561198711
2017_1195_1242,0.00540784141049
2017_1195_1243,0.223521456122
2017_1195_1245,0.442102760077
2017_1195_1246,0.00453649973497
2017_1195_1257,0.0151252569631
2017_1195_1266,0.0284326616675
2017_1195_1268,0.245269611478
2017_1195_1274,0.199409916997
2017_1195_1276,0.0871314108372
2017_1195_1277,0.173323124647
2017_1195_1278,0.140478551388
2017_1195_1291,0.80308842659
2017_1195_1292,0.268648296595
2017_1195_1297,0.500974237919
2017_1195_1300,0.681062400341
2017_1195_1305,0.0830279961228
2017_1195_1308,0.291795998812
2017_1195_1309,0.613232433796
2017_1195_1314,0.00368231534958
2017_1195_1315,0.814217865467
2017_1195_1321,0.248090013862
2017_1195_1323,0.0427124388516
2017_1195_1329,0.0142967086285
2017_1195_1332,0.0188525822014
2017_1195_1343,0.35410797596
2017_1195_1344,0.282524436712
2017_1195_1345,0.015941735357
2017_1195_1348,0.182892456651
2017_1195_1355,0.919265687466
2017_1195_1371,0.126665204763
2017_1195_1374,0.0447468422353
2017_1195_1376,0.247175186872
2017_1195_1388,0.110747098923
2017_1195_1407,0.562954008579
2017_1195_1411,0.766403913498
2017_1195_1413,0.680693387985
2017_1195_1417,0.0110019687563
2017_1195_1423,0.212011158466
2017_1195_1425,0.0784855931997
2017_1195_1433,0.159390956163
2017_1195_1435,0.180484548211
2017_1195_1436,0.307459056377
2017_1195_1437,0.00727054476738
2017_1195_1438,0.0714204981923
2017_1195_1439,0.0399625711143
2017_1195_1448,0.0726572945714
2017_1195_1452,0.0103027652949
2017_1195_1455,0.00538186402991
2017_1195_1457,0.460124492645
2017_1195_1458,0.0702229365706
2017_1195_1462,0.0847329050303
2017_1196_1199,0.76655870676
2017_1196_1211,0.153277307749
2017_1196_1233,0.998366653919
2017_1196_1235,0.824559390545
2017_1196_1240,0.98130440712
2017_1196_1242,0.491853237152
2017_1196_1243,0.759248316288
2017_1196_1245,0.990346968174
2017_1196_1246,0.519843935966
2017_1196_1257,0.400716304779
2017_1196_1266,0.938725233078
2017_1196_1268,0.827975094318
2017_1196_1274,0.760070025921
2017_1196_1276,0.661056578159
2017_1196_1277,0.794609606266
2017_1196_1278,0.811576724052
2017_1196_1291,0.994567990303
2017_1196_1292,0.853410422802
2017_1196_1297,0.990321099758
2017_1196_1300,0.991103410721
2017_1196_1305,0.90283459425
2017_1196_1308,0.94847536087
2017_1196_1309,0.986618340015
2017_1196_1314,0.288180559874
2017_1196_1315,0.99803930521
2017_1196_1321,0.799491524696
2017_1196_1323,0.714799940586
2017_1196_1329,0.901526331902
2017_1196_1332,0.510246515274
2017_1196_1343,0.935136973858
2017_1196_1344,0.880796313286
2017_1196_1345,0.505439281464
2017_1196_1348,0.789804637432
2017_1196_1355,0.999085068703
2017_1196_1371,0.762282788754
2017_1196_1374,0.605052888393
2017_1196_1376,0.792420208454
2017_1196_1388,0.741146743298
2017_1196_1407,0.993302345276
2017_1196_1411,0.995723009109
2017_1196_1413,0.987028837204
2017_1196_1417,0.96058088541
2017_1196_1423,0.98424744606
2017_1196_1425,0.927828073502
2017_1196_1433,0.797911345959
2017_1196_1435,0.80522698164
2017_1196_1436,0.916119933128
2017_1196_1437,0.261773884296
2017_1196_1438,0.657284319401
2017_1196_1439,0.926919639111
2017_1196_1448,0.969942986965
2017_1196_1452,0.281777560711
2017_1196_1455,0.125496789813
2017_1196_1457,0.992290794849
2017_1196_1458,0.62647742033
2017_1196_1462,0.653922200203
2017_1199_1211,0.0132919931784
2017_1199_1233,0.998661994934
2017_1199_1235,0.761423707008
2017_1199_1240,0.984432935715
2017_1199_1242,0.315969109535
2017_1199_1243,0.71814763546
2017_1199_1245,0.991848945618
2017_1199_1246,0.352355152369
2017_1199_1257,0.0641250014305
2017_1199_1266,0.914978325367
2017_1199_1268,0.807497680187
2017_1199_1274,0.652984440327
2017_1199_1276,0.527515232563
2017_1199_1277,0.67288184166
2017_1199_1278,0.805580973625
2017_1199_1291,0.996090114117
2017_1199_1292,0.788994908333
2017_1199_1297,0.992306172848
2017_1199_1300,0.993063867092
2017_1199_1305,0.899500250816
2017_1199_1308,0.94579654932
2017_1199_1309,0.988882362843
2017_1199_1314,0.0919823274016
2017_1199_1315,0.998544573784
2017_1199_1321,0.721262395382
2017_1199_1323,0.66827917099
2017_1199_1329,0.838519513607
2017_1199_1332,0.231889411807
2017_1199_1343,0.921275734901
2017_1199_1344,0.86662709713
2017_1199_1345,0.366845190525
2017_1199_1348,0.668387711048
2017_1199_1355,0.999316096306
2017_1199_1371,0.629405736923
2017_1199_1374,0.390545725822
2017_1199_1376,0.696993052959
2017_1199_1388,0.596093714237
2017_1199_1407,0.994832873344
2017_1199_1411,0.997024357319
2017_1199_1413,0.989206075668
2017_1199_1417,0.932679891586
2017_1199_1423,0.986172020435
2017_1199_1425,0.924949526787
2017_1199_1433,0.679885983467
2017_1199_1435,0.686699151993
2017_1199_1436,0.881111323833
2017_1199_1437,0.0234413407743
2017_1199_1438,0.488653212786
2017_1199_1439,0.915203809738
2017_1199_1448,0.973871052265
2017_1199_1452,0.0513186529279
2017_1199_1455,0.0106132542714
2017_1199_1457,0.993636846542
2017_1199_1458,0.453028440475
2017_1199_1462,0.538544952869
2017_1211_1233,0.997872948647
2017_1211_1235,0.776548683643
2017_1211_1240,0.983246147633
2017_1211_1242,0.498052984476
2017_1211_1243,0.82661485672
2017_1211_1245,0.987819194794
2017_1211_1246,0.516657054424
2017_1211_1257,0.539667189121
2017_1211_1266,0.921806335449
2017_1211_1268,0.874444186687
2017_1211_1274,0.827669084072
2017_1211_1276,0.746875226498
2017_1211_1277,0.864928007126
2017_1211_1278,0.836881220341
2017_1211_1291,0.993130505085
2017_1211_1292,0.898545622826
2017_1211_1297,0.987234175205
2017_1211_1300,0.990565419197
2017_1211_1305,0.867599844933
2017_1211_1308,0.951252520084
2017_1211_1309,0.985845446587
2017_1211_1314,0.341120541096
2017_1211_1315,0.997400403023
2017_1211_1321,0.86046898365
2017_1211_1323,0.701528906822
2017_1211_1329,0.879498362541
2017_1211_1332,0.639113128185
2017_1211_1343,0.952679932117
2017_1211_1344,0.917624652386
2017_1211_1345,0.603173792362
2017_1211_1348,0.853488504887
2017_1211_1355,0.998750209808
2017_1211_1371,0.841807901859
2017_1211_1374,0.708601951599
2017_1211_1376,0.852706193924
2017_1211_1388,0.813914239407
2017_1211_1407,0.991136312485
2017_1211_1411,0.994289636612
2017_1211_1413,0.986266493797
2017_1211_1417,0.951061189175
2017_1211_1423,0.9809486866
2017_1211_1425,0.903782010078
2017_1211_1433,0.865588366985
2017_1211_1435,0.872075915337
2017_1211_1436,0.939728617668
2017_1211_1437,0.461334824562
2017_1211_1438,0.748947203159
2017_1211_1439,0.9085906744
2017_1211_1448,0.963270246983
2017_1211_1452,0.444470643997
2017_1211_1455,0.365662902594
2017_1211_1457,0.989868164062
2017_1211_1458,0.715450584888
2017_1211_1462,0.742403447628
2017_1233_1235,0.00586818624288
2017_1233_1240,0.622335851192
2017_1233_1242,0.00137930735946
2017_1233_1243,0.0756759792566
2017_1233_1245,0.620658159256
2017_1233_1246,0.00129412696697
2017_1233_1257,0.00239808461629
2017_1233_1266,0.00853236578405
2017_1233_1268,0.044442396611
2017_1233_1274,0.0511209927499
2017_1233_1276,0.0125327529386
2017_1233_1277,0.0276340581477
2017_1233_1278,0.0214630682021
2017_1233_1291,0.884054064751
2017_1233_1292,0.05547869578
2017_1233_1297,0.629390537739
2017_1233_1300,0.775950610638
2017_1233_1305,0.015553698875
2017_1233_1308,0.183142855763
2017_1233_1309,0.683159470558
2017_1233_1314,0.000950523477513
2017_1233_1315,0.927178144455
2017_1233_1321,0.0601121708751
2017_1233_1323,0.00708391703665
2017_1233_1329,0.00551977055147
2017_1233_1332,0.00264252233319
2017_1233_1343,0.252374321222
2017_1233_1344,0.192525297403
2017_1233_1345,0.00238861795515
2017_1233_1348,0.0367495529354
2017_1233_1355,0.967607796192
2017_1233_1371,0.0177169702947
2017_1233_1374,0.00642866035923
2017_1233_1376,0.0719646513462
2017_1233_1388,0.018634820357
2017_1233_1407,0.74465483427
2017_1233_1411,0.884348571301
2017_1233_1413,0.728216230869
2017_1233_1417,0.00621641520411
2017_1233_1423,0.191046372056
2017_1233_1425,0.0164302736521
2017_1233_1433,0.0226508937776
2017_1233_1435,0.0277486536652
2017_1233_1436,0.125352561474
2017_1233_1437,0.00120299996343
2017_1233_1438,0.0190470330417
2017_1233_1439,0.00932095758617
2017_1233_1448,0.0364212617278
2017_1233_1452,0.00160507543478
2017_1233_1455,0.000891598116141
2017_1233_1457,0.645064890385
2017_1233_1458,0.0137446150184
2017_1233_1462,0.0126563124359
2017_1235_1240,0.989908218384
2017_1235_1242,0.730823338032
2017_1235_1243,0.884083151817
2017_1235_1245,0.99622887373
2017_1235_1246,0.766026616096
2017_1235_1257,0.363460749388
2017_1235_1266,0.977997720242
2017_1235_1268,0.932325065136
2017_1235_1274,0.795290470123
2017_1235_1276,0.771062731743
2017_1235_1277,0.820551514626
2017_1235_1278,0.934837162495
2017_1235_1291,0.997763395309
2017_1235_1292,0.891079187393
2017_1235_1297,0.996130943298
2017_1235_1300,0.995995640755
2017_1235_1305,0.96632027626
2017_1235_1308,0.977115035057
2017_1235_1309,0.992800354958
2017_1235_1314,0.528040826321
2017_1235_1315,0.999257266521
2017_1235_1321,0.878167212009
2017_1235_1323,0.895331025124
2017_1235_1329,0.969066619873
2017_1235_1332,0.585620939732
2017_1235_1343,0.948121905327
2017_1235_1344,0.942171514034
2017_1235_1345,0.744873225689
2017_1235_1348,0.817479729652
2017_1235_1355,0.999656796455
2017_1235_1371,0.822429656982
2017_1235_1374,0.594682514668
2017_1235_1376,0.839022219181
2017_1235_1388,0.763117015362
2017_1235_1407,0.997350335121
2017_1235_1411,0.998321592808
2017_1235_1413,0.992997765541
2017_1235_1417,0.988149523735
2017_1235_1423,0.994531869888
2017_1235_1425,0.972753286362
2017_1235_1433,0.831637918949
2017_1235_1435,0.829755485058
2017_1235_1436,0.936429738998
2017_1235_1437,0.177201971412
2017_1235_1438,0.64848446846
2017_1235_1439,0.973279476166
2017_1235_1448,0.989453434944
2017_1235_1452,0.41763740778
2017_1235_1455,0.08262052387
2017_1235_1457,0.996999502182
2017_1235_1458,0.622591674328
2017_1235_1462,0.805676221848
2017_1240_1242,0.00618086056784
2017_1240_1243,0.0741378888488
2017_1240_1245,0.241464659572
2017_1240_1246,0.00533883273602
2017_1240_1257,0.00964359752834
2017_1240_1266,0.0131763387471
2017_1240_1268,0.0711064785719
2017_1240_1274,0.0572067648172
2017_1240_1276,0.0260399617255
2017_1240_1277,0.0511246621609
2017_1240_1278,0.0435696318746
2017_1240_1291,0.483407318592
2017_1240_1292,0.0805500671268
2017_1240_1297,0.262691676617
2017_1240_1300,0.37610951066
2017_1240_1305,0.0331116914749
2017_1240_1308,0.184948951006
2017_1240_1309,0.343934267759
2017_1240_1314,0.00458338111639
2017_1240_1315,0.385052323341
2017_1240_1321,0.0741413533688
2017_1240_1323,0.0181026868522
2017_1240_1329,0.0093355383724
2017_1240_1332,0.0121328104287
2017_1240_1343,0.244093865156
2017_1240_1344,0.169144913554
2017_1240_1345,0.0109594883397
2017_1240_1348,0.0504267178476
2017_1240_1355,0.569401264191
2017_1240_1371,0.0404195450246
2017_1240_1374,0.0170680135489
2017_1240_1376,0.0736270621419
2017_1240_1388,0.0347027666867
2017_1240_1407,0.282869279385
2017_1240_1411,0.416427999735
2017_1240_1413,0.42789337039
2017_1240_1417,0.00943539850414
2017_1240_1423,0.063519962132
2017_1240_1425,0.031394738704
2017_1240_1433,0.0461609885097
2017_1240_1435,0.0538556240499
2017_1240_1436,0.160352423787
2017_1240_1437,0.00707409717143
2017_1240_1438,0.0242271218449
2017_1240_1439,0.0222710259259
2017_1240_1448,0.0250604785979
2017_1240_1452,0.00727412151173
2017_1240_1455,0.00532957585528
2017_1240_1457,0.249897941947
2017_1240_1458,0.0219749715179
2017_1240_1462,0.0255697108805
2017_1242_1243,0.880537867546
2017_1242_1245,0.996480047703
2017_1242_1246,0.689742147923
2017_1242_1257,0.330771565437
2017_1242_1266,0.977055311203
2017_1242_1268,0.929641902447
2017_1242_1274,0.832702279091
2017_1242_1276,0.759364664555
2017_1242_1277,0.845485329628
2017_1242_1278,0.930352926254
2017_1242_1291,0.99801659584
2017_1242_1292,0.911892056465
2017_1242_1297,0.996490299702
2017_1242_1300,0.996448040009
2017_1242_1305,0.966822683811
2017_1242_1308,0.977528035641
2017_1242_1309,0.994133770466
2017_1242_1314,0.436315625906
2017_1242_1315,0.999311447144
2017_1242_1321,0.878575026989
2017_1242_1323,0.872619569302
2017_1242_1329,0.950946033001
2017_1242_1332,0.533263146877
2017_1242_1343,0.961214363575
2017_1242_1344,0.946647286415
2017_1242_1345,0.678540110588
2017_1242_1348,0.846641719341
2017_1242_1355,0.999666333199
2017_1242_1371,0.824119269848
2017_1242_1374,0.620523631573
2017_1242_1376,0.859300911427
2017_1242_1388,0.797543823719
2017_1242_1407,0.997599184513
2017_1242_1411,0.998480975628
2017_1242_1413,0.994296491146
2017_1242_1417,0.98127913475
2017_1242_1423,0.99449712038
2017_1242_1425,0.973629534245
2017_1242_1433,0.859197378159
2017_1242_1435,0.85462898016
2017_1242_1436,0.950395107269
2017_1242_1437,0.171479105949
2017_1242_1438,0.660352230072
2017_1242_1439,0.973317623138
2017_1242_1448,0.989247858524
2017_1242_1452,0.341739803553
2017_1242_1455,0.0803195759654
2017_1242_1457,0.997262358665
2017_1242_1458,0.653789162636
2017_1242_1462,0.774813830853
2017_1243_1245,0.954656422138
2017_1243_1246,0.174736887217
2017_1243_1257,0.278613001108
2017_1243_1266,0.741246938705
2017_1243_1268,0.616782188416
2017_1243_1274,0.559484481812
2017_1243_1276,0.454992830753
2017_1243_1277,0.576524734497
2017_1243_1278,0.564350366592
2017_1243_1291,0.982028245926
2017_1243_1292,0.660401046276
2017_1243_1297,0.957798302174
2017_1243_1300,0.973074316978
2017_1243_1305,0.635577857494
2017_1243_1308,0.794681727886
2017_1243_1309,0.962144613266
2017_1243_1314,0.0826779976487
2017_1243_1315,0.991775631905
2017_1243_1321,0.608033716679
2017_1243_1323,0.435896754265
2017_1243_1329,0.6679931283
2017_1243_1332,0.318902820349
2017_1243_1343,0.809831917286
2017_1243_1344,0.701866984367
2017_1243_1345,0.298983097076
2017_1243_1348,0.578883767128
2017_1243_1355,0.996373951435
2017_1243_1371,0.542380094528
2017_1243_1374,0.386805921793
2017_1243_1376,0.600783586502
2017_1243_1388,0.517412900925
2017_1243_1407,0.971754312515
2017_1243_1411,0.985161066055
2017_1243_1413,0.964013338089
2017_1243_1417,0.796553730965
2017_1243_1423,0.924055159092
2017_1243_1425,0.690403938293
2017_1243_1433,0.580503165722
2017_1243_1435,0.586777627468
2017_1243_1436,0.744905054569
2017_1243_1437,0.126414299011
2017_1243_1438,0.432439297438
2017_1243_1439,0.691625237465
2017_1243_1448,0.872530817986
2017_1243_1452,0.197210028768
2017_1243_1455,0.077878922224
2017_1243_1457,0.961095631123
2017_1243_1458,0.42294716835
2017_1243_1462,0.44661590457
2017_1245_1246,0.00289642275311
2017_1245_1257,0.00766366254538
2017_1245_1266,0.0161129329354
2017_1245_1268,0.137358009815
2017_1245_1274,0.132517114282
2017_1245_1276,0.042691834271
2017_1245_1277,0.0890429988503
2017_1245_1278,0.0674764961004
2017_1245_1291,0.8063980937
2017_1245_1292,0.170809105039
2017_1245_1297,0.493802726269
2017_1245_1300,0.672886133194
2017_1245_1305,0.0414115414023
2017_1245_1308,0.264919489622
2017_1245_1309,0.597406804562
2017_1245_1314,0.00214598397724
2017_1245_1315,0.849090635777
2017_1245_1321,0.16805242002
2017_1245_1323,0.019030187279
2017_1245_1329,0.0088876914233
2017_1245_1332,0.00839855428785
2017_1245_1343,0.337065041065
2017_1245_1344,0.260054916143
2017_1245_1345,0.00706482864916
2017_1245_1348,0.115307301283
2017_1245_1355,0.932436585426
2017_1245_1371,0.0604378543794
2017_1245_1374,0.021128706634
2017_1245_1376,0.175536811352
2017_1245_1388,0.0599692761898
2017_1245_1407,0.5784278512
2017_1245_1411,0.767091572285
2017_1245_1413,0.644035816193
2017_1245_1417,0.00762385781854
2017_1245_1423,0.132969096303
2017_1245_1425,0.0424765646458
2017_1245_1433,0.0773297473788
2017_1245_1435,0.0911732688546
2017_1245_1436,0.280103355646
2017_1245_1437,0.00383849604987
2017_1245_1438,0.046768784523
2017_1245_1439,0.0216812808067
2017_1245_1448,0.0465780422091
2017_1245_1452,0.00514274509624
2017_1245_1455,0.00280449865386
2017_1245_1457,0.475223869085
2017_1245_1458,0.0415214784443
2017_1245_1462,0.0419428423047
2017_1246_1257,0.337273538113
2017_1246_1266,0.980436503887
2017_1246_1268,0.938932418823
2017_1246_1274,0.839151501656
2017_1246_1276,0.774284541607
2017_1246_1277,0.852923691273
2017_1246_1278,0.939834058285
2017_1246_1291,0.998173356056
2017_1246_1292,0.916470348835
2017_1246_1297,0.996830642223
2017_1246_1300,0.996734678745
2017_1246_1305,0.970370233059
2017_1246_1308,0.979703903198
2017_1246_1309,0.994323134422
2017_1246_1314,0.475720077753
2017_1246_1315,0.999363005161
2017_1246_1321,0.886838793755
2017_1246_1323,0.889677762985
2017_1246_1329,0.95823174715
2017_1246_1332,0.552402615547
2017_1246_1343,0.962543964386
2017_1246_1344,0.949688613415
2017_1246_1345,0.713567972183
2017_1246_1348,0.852768421173
2017_1246_1355,0.999694228172
2017_1246_1371,0.831330418587
2017_1246_1374,0.630643308163
2017_1246_1376,0.864796221256
2017_1246_1388,0.805610060692
2017_1246_1407,0.997804224491
2017_1246_1411,0.998601138592
2017_1246_1413,0.994469046593
2017_1246_1417,0.984064519405
2017_1246_1423,0.995063126087
2017_1246_1425,0.976416409016
2017_1246_1433,0.865051865578
2017_1246_1435,0.86090618372
2017_1246_1436,0.952321767807
2017_1246_1437,0.179492980242
2017_1246_1438,0.664697349072
2017_1246_1439,0.977082848549
2017_1246_1448,0.990367770195
2017_1246_1452,0.372387230396
2017_1246_1455,0.0855691283941
2017_1246_1457,0.997521102428
2017_1246_1458,0.662895202637
2017_1246_1462,0.801883339882
2017_1257_1266,0.960418224335
2017_1257_1268,0.887926340103
2017_1257_1274,0.824549853802
2017_1257_1276,0.746827363968
2017_1257_1277,0.859693646431
2017_1257_1278,0.879927933216
2017_1257_1291,0.995983362198
2017_1257_1292,0.905254125595
2017_1257_1297,0.992915153503
2017_1257_1300,0.993325471878
2017_1257_1305,0.940190076828
2017_1257_1308,0.965638637543
2017_1257_1309,0.989843606949
2017_1257_1314,0.438629716635
2017_1257_1315,0.998559772968
2017_1257_1321,0.867823719978
2017_1257_1323,0.809738337994
2017_1257_1329,0.944406628609
2017_1257_1332,0.611681163311
2017_1257_1343,0.954423248768
2017_1257_1344,0.921202003956
2017_1257_1345,0.622493028641
2017_1257_1348,0.852722287178
2017_1257_1355,0.999319791794
2017_1257_1371,0.835933625698
2017_1257_1374,0.693957746029
2017_1257_1376,0.851172685623
2017_1257_1388,0.810519814491
2017_1257_1407,0.995079398155
2017_1257_1411,0.996838331223
2017_1257_1413,0.99016970396
2017_1257_1417,0.977857470512
2017_1257_1423,0.989861726761
2017_1257_1425,0.953123748302
2017_1257_1433,0.86519920826
2017_1257_1435,0.868168890476
2017_1257_1436,0.942593514919
2017_1257_1437,0.407911628485
2017_1257_1438,0.734532237053
2017_1257_1439,0.953949272633
2017_1257_1448,0.980348527431
2017_1257_1452,0.418629974127
2017_1257_1455,0.306253015995
2017_1257_1457,0.994640946388
2017_1257_1458,0.705410003662
2017_1257_1462,0.738238692284
2017_1266_1268,0.890097379684
2017_1266_1274,0.666952133179
2017_1266_1276,0.615186572075
2017_1266_1277,0.679547429085
2017_1266_1278,0.888553619385
2017_1266_1291,0.997573673725
2017_1266_1292,0.806972622871
2017_1266_1297,0.99530506134
2017_1266_1300,0.995701491833
2017_1266_1305,0.944248557091
2017_1266_1308,0.966774761677
2017_1266_1309,0.99209433794
2017_1266_1314,0.197080001235
2017_1266_1315,0.999124705791
2017_1266_1321,0.790405511856
2017_1266_1323,0.776090025902
2017_1266_1329,0.904356837273
2017_1266_1332,0.309964627028
2017_1266_1343,0.929855644703
2017_1266_1344,0.913272500038
2017_1266_1345,0.479797363281
2017_1266_1348,0.681809186935
2017_1266_1355,0.999589383602
2017_1266_1371,0.682749032974
2017_1266_1374,0.361931025982
2017_1266_1376,0.734664976597
2017_1266_1388,0.599629044533
2017_1266_1407,0.996838212013
2017_1266_1411,0.998151361942
2017_1266_1413,0.99222356081
2017_1266_1417,0.961577951908
2017_1266_1423,0.99211359024
2017_1266_1425,0.958839952946
2017_1266_1433,0.696863412857
2017_1266_1435,0.695310950279
2017_1266_1436,0.896652162075
2017_1266_1437,0.0167676284909
2017_1266_1438,0.463991492987
2017_1266_1439,0.949910759926
2017_1266_1448,0.985163629055
2017_1266_1452,0.102891758084
2017_1266_1455,0.00770629802719
2017_1266_1457,0.996212005615
2017_1266_1458,0.439794272184
2017_1266_1462,0.665882110596
2017_1268_1274,0.355112314224
2017_1268_1276,0.259779840708
2017_1268_1277,0.399091094732
2017_1268_1278,0.324264734983
2017_1268_1291,0.971488058567
2017_1268_1292,0.478234946728
2017_1268_1297,0.913398981094
2017_1268_1300,0.957513034344
2017_1268_1305,0.364338308573
2017_1268_1308,0.610348761082
2017_1268_1309,0.934752881527
2017_1268_1314,0.00808885414153
2017_1268_1315,0.984355986118
2017_1268_1321,0.412242382765
2017_1268_1323,0.132288634777
2017_1268_1329,0.17304508388
2017_1268_1332,0.0548987202346
2017_1268_1343,0.689103603363
2017_1268_1344,0.521245419979
2017_1268_1345,0.0459175221622
2017_1268_1348,0.395472884178
2017_1268_1355,0.993064701557
2017_1268_1371,0.326942175627
2017_1268_1374,0.139678344131
2017_1268_1376,0.40777900815
2017_1268_1388,0.313719213009
2017_1268_1407,0.943792164326
2017_1268_1411,0.974608540535
2017_1268_1413,0.942219674587
2017_1268_1417,0.380781680346
2017_1268_1423,0.823217689991
2017_1268_1425,0.423189550638
2017_1268_1433,0.387605875731
2017_1268_1435,0.414076298475
2017_1268_1436,0.580519914627
2017_1268_1437,0.0145005537197
2017_1268_1438,0.315568208694
2017_1268_1439,0.360750108957
2017_1268_1448,0.648983776569
2017_1268_1452,0.0241969395429
2017_1268_1455,0.00932146329433
2017_1268_1457,0.922437012196
2017_1268_1458,0.262565851212
2017_1268_1462,0.261849015951
2017_1274_1276,0.453848153353
2017_1274_1277,0.608587443829
2017_1274_1278,0.556599915028
2017_1274_1291,0.977258145809
2017_1274_1292,0.666359782219
2017_1274_1297,0.940996348858
2017_1274_1300,0.966685891151
2017_1274_1305,0.554210960865
2017_1274_1308,0.751925170422
2017_1274_1309,0.953031599522
2017_1274_1314,0.0856716185808
2017_1274_1315,0.987726032734
2017_1274_1321,0.604758381844
2017_1274_1323,0.404554754496
2017_1274_1329,0.56609082222
2017_1274_1332,0.334494262934
2017_1274_1343,0.826157152653
2017_1274_1344,0.697864055634
2017_1274_1345,0.31859344244
2017_1274_1348,0.593836605549
2017_1274_1355,0.994554519653
2017_1274_1371,0.565260231495
2017_1274_1374,0.396147549152
2017_1274_1376,0.596149146557
2017_1274_1388,0.534388124943
2017_1274_1407,0.959113955498
2017_1274_1411,0.978463947773
2017_1274_1413,0.95584821701
2017_1274_1417,0.708268105984
2017_1274_1423,0.87996250391
2017_1274_1425,0.597421169281
2017_1274_1433,0.605344355106
2017_1274_1435,0.620826423168
2017_1274_1436,0.749432861805
2017_1274_1437,0.16403464973
2017_1274_1438,0.449961900711
2017_1274_1439,0.595381259918
2017_1274_1448,0.801199436188
2017_1274_1452,0.251072376966
2017_1274_1455,0.0998070240021
2017_1274_1457,0.941543340683
2017_1274_1458,0.408666133881
2017_1274_1462,0.450397491455
2017_1276_1277,0.738876819611
2017_1276_1278,0.712898135185
2017_1276_1291,0.99011528492
2017_1276_1292,0.797092378139
2017_1276_1297,0.981554031372
2017_1276_1300,0.985286712646
2017_1276_1305,0.811398267746
2017_1276_1308,0.912123560905
2017_1276_1309,0.978481948376
2017_1276_1314,0.191390410066
2017_1276_1315,0.99638915062
2017_1276_1321,0.743562698364
2017_1276_1323,0.60491079092
2017_1276_1329,0.851227879524
2017_1276_1332,0.4669739604
2017_1276_1343,0.902259409428
2017_1276_1344,0.818843781948
2017_1276_1345,0.441709518433
2017_1276_1348,0.737008213997
2017_1276_1355,0.998322069645
2017_1276_1371,0.703089535236
2017_1276_1374,0.551010429859
2017_1276_1376,0.740796387196
2017_1276_1388,0.686579167843
2017_1276_1407,0.987453937531
2017_1276_1411,0.992243111134
2017_1276_1413,0.979070901871
2017_1276_1417,0.932279884815
2017_1276_1423,0.969987928867
2017_1276_1425,0.856968224049
2017_1276_1433,0.738025784492
2017_1276_1435,0.747443914413
2017_1276_1436,0.864858448505
2017_1276_1437,0.199393630028
2017_1276_1438,0.594618320465
2017_1276_1439,0.857527136803
2017_1276_1448,0.943840384483
2017_1276_1452,0.259370297194
2017_1276_1455,0.108146935701
2017_1276_1457,0.984444618225
2017_1276_1458,0.563609182835
2017_1276_1462,0.592432379723
2017_1277_1278,0.519921123981
2017_1277_1291,0.981764376163
2017_1277_1292,0.655687451363
2017_1277_1297,0.951460838318
2017_1277_1300,0.973699688911
2017_1277_1305,0.51454782486
2017_1277_1308,0.742160439491
2017_1277_1309,0.960032582283
2017_1277_1314,0.0177092626691
2017_1277_1315,0.990883171558
2017_1277_1321,0.588952302933
2017_1277_1323,0.322622776031
2017_1277_1329,0.406116038561
2017_1277_1332,0.166572272778
2017_1277_1343,0.821605503559
2017_1277_1344,0.679889440536
2017_1277_1345,0.118206255138
2017_1277_1348,0.584219515324
2017_1277_1355,0.995658040047
2017_1277_1371,0.553522586823
2017_1277_1374,0.338967353106
2017_1277_1376,0.586805224419
2017_1277_1388,0.514781236649
2017_1277_1407,0.968337357044
2017_1277_1411,0.983816206455
2017_1277_1413,0.963749229908
2017_1277_1417,0.604643106461
2017_1277_1423,0.898089826107
2017_1277_1425,0.57665592432
2017_1277_1433,0.591627061367
2017_1277_1435,0.614768445492
2017_1277_1436,0.74123942852
2017_1277_1437,0.0359603948891
2017_1277_1438,0.428155690432
2017_1277_1439,0.565874874592
2017_1277_1448,0.794572472572
2017_1277_1452,0.0547811575234
2017_1277_1455,0.0232257153839
2017_1277_1457,0.957202851772
2017_1277_1458,0.369901925325
2017_1277_1462,0.408920407295
2017_1278_1291,0.984836161137
2017_1278_1292,0.570960223675
2017_1278_1297,0.961264133453
2017_1278_1300,0.975846886635
2017_1278_1305,0.549487054348
2017_1278_1308,0.74462723732
2017_1278_1309,0.963186502457
2017_1278_1314,0.00963844452053
2017_1278_1315,0.993057966232
2017_1278_1321,0.498460054398
2017_1278_1323,0.210852459073
2017_1278_1329,0.434976816177
2017_1278_1332,0.0571865811944
2017_1278_1343,0.763890147209
2017_1278_1344,0.60208940506
2017_1278_1345,0.0467656813562
2017_1278_1348,0.486900269985
2017_1278_1355,0.996861219406
2017_1278_1371,0.428736209869
2017_1278_1374,0.148982599378
2017_1278_1376,0.498258113861
2017_1278_1388,0.410927683115
2017_1278_1407,0.974973976612
2017_1278_1411,0.98790794611
2017_1278_1413,0.965640068054
2017_1278_1417,0.634119868279
2017_1278_1423,0.928953707218
2017_1278_1425,0.621949791908
2017_1278_1433,0.475878745317
2017_1278_1435,0.498635441065
2017_1278_1436,0.6679494977
2017_1278_1437,0.0149527033791
2017_1278_1438,0.320645451546
2017_1278_1439,0.560934662819
2017_1278_1448,0.835945546627
2017_1278_1452,0.0240836106241
2017_1278_1455,0.00903569720685
2017_1278_1457,0.966012239456
2017_1278_1458,0.267576217651
2017_1278_1462,0.270640462637
2017_1291_1292,0.0512584559619
2017_1291_1297,0.273642897606
2017_1291_1300,0.334947943687
2017_1291_1305,0.0205784272403
2017_1291_1308,0.122870311141
2017_1291_1309,0.318562686443
2017_1291_1314,0.00280886678956
2017_1291_1315,0.432989746332
2017_1291_1321,0.0472462661564
2017_1291_1323,0.0125080849975
2017_1291_1329,0.00802370533347
2017_1291_1332,0.00851647928357
2017_1291_1343,0.171210572124
2017_1291_1344,0.109554357827
2017_1291_1345,0.00761245889589
2017_1291_1348,0.0334644168615
2017_1291_1355,0.626494288445
2017_1291_1371,0.0262868255377
2017_1291_1374,0.0119890253991
2017_1291_1376,0.0468182973564
2017_1291_1388,0.0238757301122
2017_1291_1407,0.300004571676
2017_1291_1411,0.41848179698
2017_1291_1413,0.357821047306
2017_1291_1417,0.00612784968689
2017_1291_1423,0.0519503317773
2017_1291_1425,0.0199841950089
2017_1291_1433,0.0297458749264
2017_1291_1435,0.0346422567964
2017_1291_1436,0.099081709981
2017_1291_1437,0.00471800193191
2017_1291_1438,0.0175356790423
2017_1291_1439,0.0131369512528
2017_1291_1448,0.0227022003382
2017_1291_1452,0.00513885263354
2017_1291_1455,0.00354540487751
2017_1291_1457,0.26672744751
2017_1291_1458,0.0154290935025
2017_1291_1462,0.0173344444484
2017_1292_1297,0.807304024696
2017_1292_1300,0.922652184963
2017_1292_1305,0.360188186169
2017_1292_1308,0.612157821655
2017_1292_1309,0.902481138706
2017_1292_1314,0.0616124123335
2017_1292_1315,0.949573278427
2017_1292_1321,0.446675568819
2017_1292_1323,0.312263280153
2017_1292_1329,0.202014803886
2017_1292_1332,0.292477428913
2017_1292_1343,0.711270868778
2017_1292_1344,0.548249959946
2017_1292_1345,0.277839809656
2017_1292_1348,0.436091721058
2017_1292_1355,0.97817581892
2017_1292_1371,0.42231413722
2017_1292_1374,0.309054642916
2017_1292_1376,0.438617259264
2017_1292_1388,0.368914633989
2017_1292_1407,0.850979268551
2017_1292_1411,0.941313147545
2017_1292_1413,0.924567878246
2017_1292_1417,0.255549669266
2017_1292_1423,0.574052929878
2017_1292_1425,0.356847912073
2017_1292_1433,0.449748784304
2017_1292_1435,0.477804392576
2017_1292_1436,0.610381126404
2017_1292_1437,0.115376926959
2017_1292_1438,0.342235356569
2017_1292_1439,0.345223456621
2017_1292_1448,0.451810956001
2017_1292_1452,0.146728277206
2017_1292_1455,0.0754228979349
2017_1292_1457,0.778418719769
2017_1292_1458,0.312924563885
2017_1292_1462,0.327647000551
2017_1297_1300,0.586885929108
2017_1297_1305,0.0567787140608
2017_1297_1308,0.261028409004
2017_1297_1309,0.518896818161
2017_1297_1314,0.00317357410677
2017_1297_1315,0.724176228046
2017_1297_1321,0.165936365724
2017_1297_1323,0.0289895944297
2017_1297_1329,0.0113352369517
2017_1297_1332,0.0134561471641
2017_1297_1343,0.327919155359
2017_1297_1344,0.250759035349
2017_1297_1345,0.0114322397858
2017_1297_1348,0.115298777819
2017_1297_1355,0.880136847496
2017_1297_1371,0.0826468393207
2017_1297_1374,0.0294334869832
2017_1297_1376,0.165818572044
2017_1297_1388,0.0702493563294
2017_1297_1407,0.470773518085
2017_1297_1411,0.67368298769
2017_1297_1413,0.590917408466
2017_1297_1417,0.00839483365417
2017_1297_1423,0.151058956981
2017_1297_1425,0.0548099577427
2017_1297_1433,0.101419039071
2017_1297_1435,0.114493027329
2017_1297_1436,0.275102734566
2017_1297_1437,0.00622684601694
2017_1297_1438,0.0459342226386
2017_1297_1439,0.0279048476368
2017_1297_1448,0.0522345304489
2017_1297_1452,0.00825089216232
2017_1297_1455,0.00455714762211
2017_1297_1457,0.374458223581
2017_1297_1458,0.0436680130661
2017_1297_1462,0.0535283796489
2017_1300_1305,0.0210007634014
2017_1300_1308,0.122056506574
2017_1300_1309,0.300208181143
2017_1300_1314,0.00327902217396
2017_1300_1315,0.298824429512
2017_1300_1321,0.0473589114845
2017_1300_1323,0.0133577622473
2017_1300_1329,0.00644616922364
2017_1300_1332,0.00897564645857
2017_1300_1343,0.173549488187
2017_1300_1344,0.112532161176
2017_1300_1345,0.00810773763806
2017_1300_1348,0.033236887306
2017_1300_1355,0.44996342063
2017_1300_1371,0.0283603426069
2017_1300_1374,0.012596283108
2017_1300_1376,0.0470263808966
2017_1300_1388,0.0232831332833
2017_1300_1407,0.246534720063
2017_1300_1411,0.314525514841
2017_1300_1413,0.331517070532
2017_1300_1417,0.00635050470009
2017_1300_1423,0.036339584738
2017_1300_1425,0.0213411096483
2017_1300_1433,0.0298248734325
2017_1300_1435,0.0367379561067
2017_1300_1436,0.0999844372272
2017_1300_1437,0.00524961017072
2017_1300_1438,0.0178803876042
2017_1300_1439,0.015359361656
2017_1300_1448,0.0169702842832
2017_1300_1452,0.00531581230462
2017_1300_1455,0.00395322870463
2017_1300_1457,0.21513620019
2017_1300_1458,0.016132697463
2017_1300_1462,0.0188823807985
2017_1305_1308,0.66115039587
2017_1305_1309,0.946516096592
2017_1305_1314,0.00941547937691
2017_1305_1315,0.988546073437
2017_1305_1321,0.450484067202
2017_1305_1323,0.150516137481
2017_1305_1329,0.290404677391
2017_1305_1332,0.058146007359
2017_1305_1343,0.709951817989
2017_1305_1344,0.559164881706
2017_1305_1345,0.0486651435494
2017_1305_1348,0.426894128323
2017_1305_1355,0.99487298727
2017_1305_1371,0.363412320614
2017_1305_1374,0.146246194839
2017_1305_1376,0.447104364634
2017_1305_1388,0.328186035156
2017_1305_1407,0.95842474699
2017_1305_1411,0.980273842812
2017_1305_1413,0.952381014824
2017_1305_1417,0.492004692554
2017_1305_1423,0.875126302242
2017_1305_1425,0.502467632294
2017_1305_1433,0.417487502098
2017_1305_1435,0.436408698559
2017_1305_1436,0.609733819962
2017_1305_1437,0.0154616357759
2017_1305_1438,0.322572082281
2017_1305_1439,0.443659216166
2017_1305_1448,0.736785709858
2017_1305_1452,0.0256208367646
2017_1305_1455,0.00999331660569
2017_1305_1457,0.94344997406
2017_1305_1458,0.273383617401
2017_1305_1462,0.274480372667
2017_1308_1309,0.695451378822
2017_1308_1314,0.00707740336657
2017_1308_1315,0.839628577232
2017_1308_1321,0.281670033932
2017_1308_1323,0.0929844453931
2017_1308_1329,0.0267803650349
2017_1308_1332,0.0428940989077
2017_1308_1343,0.402366995811
2017_1308_1344,0.312879383564
2017_1308_1345,0.0362844392657
2017_1308_1348,0.280963987112
2017_1308_1355,0.931457340717
2017_1308_1371,0.245765373111
2017_1308_1374,0.0872069150209
2017_1308_1376,0.280629009008
2017_1308_1388,0.199938908219
2017_1308_1407,0.618876814842
2017_1308_1411,0.810256719589
2017_1308_1413,0.755069375038
2017_1308_1417,0.0207841433585
2017_1308_1423,0.307461649179
2017_1308_1425,0.167231440544
2017_1308_1433,0.284755676985
2017_1308_1435,0.306798666716
2017_1308_1436,0.333088189363
2017_1308_1437,0.0142954131588
2017_1308_1438,0.125395894051
2017_1308_1439,0.086268492043
2017_1308_1448,0.137824550271
2017_1308_1452,0.0212677139789
2017_1308_1455,0.0097189527005
2017_1308_1457,0.523669958115
2017_1308_1458,0.125537574291
2017_1308_1462,0.155990064144
2017_1309_1314,0.00366749288514
2017_1309_1315,0.340455085039
2017_1309_1321,0.0593059882522
2017_1309_1323,0.0149217965081
2017_1309_1329,0.00797194056213
2017_1309_1332,0.00988123193383
2017_1309_1343,0.212836205959
2017_1309_1344,0.138006284833
2017_1309_1345,0.00895889569074
2017_1309_1348,0.0400457195938
2017_1309_1355,0.530287086964
2017_1309_1371,0.0321577377617
2017_1309_1374,0.0138508509845
2017_1309_1376,0.0588947683573
2017_1309_1388,0.0274314116687
2017_1309_1407,0.272662460804
2017_1309_1411,0.370201945305
2017_1309_1413,0.370010495186
2017_1309_1417,0.00773932784796
2017_1309_1423,0.0506659336388
2017_1309_1425,0.025016605854
2017_1309_1433,0.0363402552903
2017_1309_1435,0.042245734483
2017_1309_1436,0.125780269504
2017_1309_1437,0.0058163437061
2017_1309_1438,0.0198720190674
2017_1309_1439,0.0174979940057
2017_1309_1448,0.0210992656648
2017_1309_1452,0.00594223244116
2017_1309_1455,0.00438062706962
2017_1309_1457,0.240330904722
2017_1309_1458,0.0178702585399
2017_1309_1462,0.0210746657103
2017_1314_1315,0.999503612518
2017_1314_1321,0.923486411572
2017_1314_1323,0.934426903725
2017_1314_1329,0.979616165161
2017_1314_1332,0.69893425703
2017_1314_1343,0.971717059612
2017_1314_1344,0.963369786739
2017_1314_1345,0.830470860004
2017_1314_1348,0.901749551296
2017_1314_1355,0.999762713909
2017_1314_1371,0.889269292355
2017_1314_1374,0.743636846542
2017_1314_1376,0.907589972019
2017_1314_1388,0.870947003365
2017_1314_1407,0.998278141022
2017_1314_1411,0.998890697956
2017_1314_1413,0.995556294918
2017_1314_1417,0.992381870747
2017_1314_1423,0.996591091156
2017_1314_1425,0.983698129654
2017_1314_1433,0.911010086536
2017_1314_1435,0.905772089958
2017_1314_1436,0.964566349983
2017_1314_1437,0.362752437592
2017_1314_1438,0.750063240528
2017_1314_1439,0.984095931053
2017_1314_1448,0.993292927742
2017_1314_1452,0.540410220623
2017_1314_1455,0.251892030239
2017_1314_1457,0.998125970364
2017_1314_1458,0.761104822159
2017_1314_1462,0.874267876148
2017_1315_1321,0.0645008385181
2017_1315_1323,0.00757792638615
2017_1315_1329,0.00404757400975
2017_1315_1332,0.00383716146462
2017_1315_1343,0.257145643234
2017_1315_1344,0.167758136988
2017_1315_1345,0.00318657211028
2017_1315_1348,0.041747327894
2017_1315_1355,0.874884903431
2017_1315_1371,0.0217650588602
2017_1315_1374,0.00872997101396
2017_1315_1376,0.0716032013297
2017_1315_1388,0.0225840378553
2017_1315_1407,0.426234811544
2017_1315_1411,0.622038543224
2017_1315_1413,0.498020589352
2017_1315_1417,0.00304153887555
2017_1315_1423,0.0400795713067
2017_1315_1425,0.0141265708953
2017_1315_1433,0.0266605094075
2017_1315_1435,0.0324856862426
2017_1315_1436,0.132296070457
2017_1315_1437,0.00192270975094
2017_1315_1438,0.0228080879897
2017_1315_1439,0.00789834838361
2017_1315_1448,0.015868190676
2017_1315_1452,0.00255254353397
2017_1315_1455,0.00141505920328
2017_1315_1457,0.317375153303
2017_1315_1458,0.0175643395633
2017_1315_1462,0.0161297768354
2017_1321_1323,0.326095849276
2017_1321_1329,0.432507961988
2017_1321_1332,0.232361376286
2017_1321_1343,0.76406878233
2017_1321_1344,0.622042000294
2017_1321_1345,0.200193941593
2017_1321_1348,0.501365542412
2017_1321_1355,0.993666231632
2017_1321_1371,0.46648234129
2017_1321_1374,0.335586428642
2017_1321_1376,0.514374017715
2017_1321_1388,0.439808756113
2017_1321_1407,0.950691401958
2017_1321_1411,0.975545704365
2017_1321_1413,0.948055148125
2017_1321_1417,0.577831745148
2017_1321_1423,0.854861855507
2017_1321_1425,0.536395430565
2017_1321_1433,0.506895899773
2017_1321_1435,0.523925244808
2017_1321_1436,0.672612369061
2017_1321_1437,0.0684088692069
2017_1321_1438,0.382984042168
2017_1321_1439,0.522689044476
2017_1321_1448,0.759461402893
2017_1321_1452,0.112050622702
2017_1321_1455,0.0411739014089
2017_1321_1457,0.93035775423
2017_1321_1458,0.351396173239
2017_1321_1462,0.36834564805
2017_1323_1329,0.86503714323
2017_1323_1332,0.376543283463
2017_1323_1343,0.911463320255
2017_1323_1344,0.851195812225
2017_1323_1345,0.419273436069
2017_1323_1348,0.708406329155
2017_1323_1355,0.999058187008
2017_1323_1371,0.671536266804
2017_1323_1374,0.489927649498
2017_1323_1376,0.718695342541
2017_1323_1388,0.652278482914
2017_1323_1407,0.99279820919
2017_1323_1411,0.995589613914
2017_1323_1413,0.985588610172
2017_1323_1417,0.944299280643
2017_1323_1423,0.982331812382
2017_1323_1425,0.9125674963
2017_1323_1433,0.712874233723
2017_1323_1435,0.725812256336
2017_1323_1436,0.87574005127
2017_1323_1437,0.0700688436627
2017_1323_1438,0.559740245342
2017_1323_1439,0.908272922039
2017_1323_1448,0.966001927853
2017_1323_1452,0.100224867463
2017_1323_1455,0.0327090136707
2017_1323_1457,0.991189599037
2017_1323_1458,0.524909496307
2017_1323_1462,0.565072715282
2017_1329_1332,0.658994853497
2017_1329_1343,0.961273491383
2017_1329_1344,0.972790181637
2017_1329_1345,0.802330851555
2017_1329_1348,0.825519502163
2017_1329_1355,0.999865293503
2017_1329_1371,0.894166827202
2017_1329_1374,0.507626891136
2017_1329_1376,0.893389344215
2017_1329_1388,0.752926290035
2017_1329_1407,0.998967885971
2017_1329_1411,0.999370157719
2017_1329_1413,0.996982753277
2017_1329_1417,0.990927696228
2017_1329_1423,0.997631788254
2017_1329_1425,0.988484919071
2017_1329_1433,0.870142579079
2017_1329_1435,0.849625408649
2017_1329_1436,0.957759678364
2017_1329_1437,0.0567582994699
2017_1329_1438,0.552232027054
2017_1329_1439,0.988272607327
2017_1329_1448,0.995547294617
2017_1329_1452,0.469745904207
2017_1329_1455,0.0255533084273
2017_1329_1457,0.998807191849
2017_1329_1458,0.586296200752
2017_1329_1462,0.896295964718
2017_1332_1343,0.917129874229
2017_1332_1344,0.83362698555
2017_1332_1345,0.425378650427
2017_1332_1348,0.748573005199
2017_1332_1355,0.998405277729
2017_1332_1371,0.720227897167
2017_1332_1374,0.554526329041
2017_1332_1376,0.750643134117
2017_1332_1388,0.697119116783
2017_1332_1407,0.98868227005
2017_1332_1411,0.992958545685
2017_1332_1413,0.981960773468
2017_1332_1417,0.904606699944
2017_1332_1423,0.970063328743
2017_1332_1425,0.849377036095
2017_1332_1433,0.754608690739
2017_1332_1435,0.764963507652
2017_1332_1436,0.880523920059
2017_1332_1437,0.172716021538
2017_1332_1438,0.61542725563
2017_1332_1439,0.846673130989
2017_1332_1448,0.942845761776
2017_1332_1452,0.185760915279
2017_1332_1455,0.0777454823256
2017_1332_1457,0.986211299896
2017_1332_1458,0.57426905632
2017_1332_1462,0.605256736279
2017_1343_1344,0.418924331665
2017_1343_1345,0.160190135241
2017_1343_1348,0.332151472569
2017_1343_1355,0.949691593647
2017_1343_1371,0.33453682065
2017_1343_1374,0.247744590044
2017_1343_1376,0.328988850117
2017_1343_1388,0.30609536171
2017_1343_1407,0.724327623844
2017_1343_1411,0.876107931137
2017_1343_1413,0.872993648052
2017_1343_1417,0.127518668771
2017_1343_1423,0.369092136621
2017_1343_1425,0.295858204365
2017_1343_1433,0.338239073753
2017_1343_1435,0.364330053329
2017_1343_1436,0.47244900465
2017_1343_1437,0.0629311800003
2017_1343_1438,0.286452651024
2017_1343_1439,0.298171013594
2017_1343_1448,0.299945056438
2017_1343_1452,0.07424172014
2017_1343_1455,0.0446374043822
2017_1343_1457,0.649032771587
2017_1343_1458,0.254732459784
2017_1343_1462,0.274337470531
2017_1344_1345,0.197580128908
2017_1344_1348,0.451420783997
2017_1344_1355,0.99154317379
2017_1344_1371,0.421731203794
2017_1344_1374,0.333687275648
2017_1344_1376,0.465942621231
2017_1344_1388,0.40463167429
2017_1344_1407,0.93532538414
2017_1344_1411,0.968548238277
2017_1344_1413,0.936834692955
2017_1344_1417,0.515454232693
2017_1344_1423,0.813131868839
2017_1344_1425,0.494999855757
2017_1344_1433,0.451132893562
2017_1344_1435,0.461682468653
2017_1344_1436,0.621366977692
2017_1344_1437,0.0690116360784
2017_1344_1438,0.357734501362
2017_1344_1439,0.479631602764
2017_1344_1448,0.716781198978
2017_1344_1452,0.111507788301
2017_1344_1455,0.042176451534
2017_1344_1457,0.906652569771
2017_1344_1458,0.345134466887
2017_1344_1462,0.35698351264
2017_1345_1348,0.764209568501
2017_1345_1355,0.998957633972
2017_1345_1371,0.733969867229
2017_1345_1374,0.566542744637
2017_1345_1376,0.76664429903
2017_1345_1388,0.713241517544
2017_1345_1407,0.992345154285
2017_1345_1411,0.995167613029
2017_1345_1413,0.986073732376
2017_1345_1417,0.943999171257
2017_1345_1423,0.980853557587
2017_1345_1425,0.909074127674
2017_1345_1433,0.771461427212
2017_1345_1435,0.779373168945
2017_1345_1436,0.9022590518
2017_1345_1437,0.17436991632
2017_1345_1438,0.627223610878
2017_1345_1439,0.905020534992
2017_1345_1448,0.963734567165
2017_1345_1452,0.188176736236
2017_1345_1455,0.0790736600757
2017_1345_1457,0.990893125534
2017_1345_1458,0.592345237732
2017_1345_1462,0.620696365833
2017_1348_1355,0.989957153797
2017_1348_1371,0.49592423439
2017_1348_1374,0.328519195318
2017_1348_1376,0.514939367771
2017_1348_1388,0.453046828508
2017_1348_1407,0.921708583832
2017_1348_1411,0.965937495232
2017_1348_1413,0.946637988091
2017_1348_1417,0.424490660429
2017_1348_1423,0.740958213806
2017_1348_1425,0.421080619097
2017_1348_1433,0.529460728168
2017_1348_1435,0.556283950806
2017_1348_1436,0.683460950851
2017_1348_1437,0.0817791745067
2017_1348_1438,0.371087163687
2017_1348_1439,0.428800731897
2017_1348_1448,0.611602723598
2017_1348_1452,0.120050162077
2017_1348_1455,0.0506770610809
2017_1348_1457,0.878017187119
2017_1348_1458,0.331939220428
2017_1348_1462,0.348470568657
2017_1355_1371,0.0144868912175
2017_1355_1374,0.00552478572354
2017_1355_1376,0.055093370378
2017_1355_1388,0.0150474552065
2017_1355_1407,0.5608086586
2017_1355_1411,0.743933856487
2017_1355_1413,0.571373581886
2017_1355_1417,0.00364885991439
2017_1355_1423,0.0497775860131
2017_1355_1425,0.0133021157235
2017_1355_1433,0.0181475840509
2017_1355_1435,0.0219455305487
2017_1355_1436,0.0964918285608
2017_1355_1437,0.00120664783753
2017_1355_1438,0.015822801739
2017_1355_1439,0.0072145271115
2017_1355_1448,0.0184350740165
2017_1355_1452,0.00160297844559
2017_1355_1455,0.00088128115749
2017_1355_1457,0.449830770493
2017_1355_1458,0.0116480803117
2017_1355_1462,0.0105106960982
2017_1371_1374,0.194766268134
2017_1371_1376,0.527171373367
2017_1371_1388,0.440699398518
2017_1371_1407,0.967685699463
2017_1371_1411,0.984915733337
2017_1371_1413,0.963343381882
2017_1371_1417,0.535256266594
2017_1371_1423,0.892346918583
2017_1371_1425,0.540569841862
2017_1371_1433,0.519283235073
2017_1371_1435,0.544632852077
2017_1371_1436,0.696715116501
2017_1371_1437,0.0174835473299
2017_1371_1438,0.344453364611
2017_1371_1439,0.509553134441
2017_1371_1448,0.760686218739
2017_1371_1452,0.0267066247761
2017_1371_1455,0.0113302422687
2017_1371_1457,0.956740736961
2017_1371_1458,0.278222054243
2017_1371_1462,0.31664916873
2017_1374_1376,0.7101598382
2017_1374_1388,0.657300651073
2017_1374_1407,0.962023019791
2017_1374_1411,0.980305552483
2017_1374_1413,0.968610525131
2017_1374_1417,0.725470840931
2017_1374_1423,0.877484500408
2017_1374_1425,0.62538343668
2017_1374_1433,0.722229242325
2017_1374_1435,0.740754008293
2017_1374_1436,0.835717260838
2017_1374_1437,0.311269849539
2017_1374_1438,0.56869494915
2017_1374_1439,0.636210441589
2017_1374_1448,0.794740557671
2017_1374_1452,0.314981579781
2017_1374_1455,0.218785881996
2017_1374_1457,0.944214582443
2017_1374_1458,0.52958381176
2017_1374_1462,0.565580248833
2017_1376_1388,0.4358317554
2017_1376_1407,0.950046241283
2017_1376_1411,0.975754678249
2017_1376_1413,0.947833716869
2017_1376_1417,0.549160122871
2017_1376_1423,0.849491834641
2017_1376_1425,0.515518665314
2017_1376_1433,0.505422711372
2017_1376_1435,0.523150205612
2017_1376_1436,0.668653547764
2017_1376_1437,0.0552699677646
2017_1376_1438,0.377365618944
2017_1376_1439,0.501592516899
2017_1376_1448,0.74348539114
2017_1376_1452,0.0902963727713
2017_1376_1455,0.0327041558921
2017_1376_1457,0.929876983166
2017_1376_1458,0.340378642082
2017_1376_1462,0.350108623505
2017_1388_1407,0.927594900131
2017_1388_1411,0.964710593224
2017_1388_1413,0.956351995468
2017_1388_1417,0.520908534527
2017_1388_1423,0.720859348774
2017_1388_1425,0.55230230093
2017_1388_1433,0.648662686348
2017_1388_1435,0.67025578022
2017_1388_1436,0.780821979046
2017_1388_1437,0.320898979902
2017_1388_1438,0.486117213964
2017_1388_1439,0.53213852644
2017_1388_1448,0.613370120525
2017_1388_1452,0.293740600348
2017_1388_1455,0.254073768854
2017_1388_1457,0.885235190392
2017_1388_1458,0.443765252829
2017_1388_1462,0.480629324913
2017_1407_1411,0.652034521103
2017_1407_1413,0.541611850262
2017_1407_1417,0.00574073428288
2017_1407_1423,0.0915369912982
2017_1407_1425,0.0314609482884
2017_1407_1433,0.0619908645749
2017_1407_1435,0.0712903439999
2017_1407_1436,0.241709649563
2017_1407_1437,0.00407755328342
2017_1407_1438,0.0341791212559
2017_1407_1439,0.0168928280473
2017_1407_1448,0.0329366102815
2017_1407_1452,0.00539703667164
2017_1407_1455,0.0029722941108
2017_1407_1457,0.353071063757
2017_1407_1458,0.0305063612759
2017_1407_1462,0.0337806232274
2017_1411_1413,0.315685898066
2017_1411_1417,0.00318764918484
2017_1411_1423,0.026617243886
2017_1411_1425,0.0122212730348
2017_1411_1433,0.0191403627396
2017_1411_1435,0.0240935645998
2017_1411_1436,0.0632557049394
2017_1411_1437,0.00301910471171
2017_1411_1438,0.0130211459473
2017_1411_1439,0.00721395993605
2017_1411_1448,0.0124030448496
2017_1411_1452,0.00350550515577
2017_1411_1455,0.00221789930947
2017_1411_1457,0.210880637169
2017_1411_1458,0.0113058732823
2017_1411_1462,0.0123563585803
2017_1413_1417,0.00875431764871
2017_1413_1423,0.05239071697
2017_1413_1425,0.0261824186891
2017_1413_1433,0.0386156924069
2017_1413_1435,0.0447422154248
2017_1413_1436,0.132268607616
2017_1413_1437,0.00628959806636
2017_1413_1438,0.0207607299089
2017_1413_1439,0.018760189414
2017_1413_1448,0.0214793644845
2017_1413_1452,0.00637503527105
2017_1413_1455,0.004737614654
2017_1413_1457,0.238710284233
2017_1413_1458,0.0185066182166
2017_1413_1462,0.0217795465142
2017_1417_1423,0.993196368217
2017_1417_1425,0.96086961031
2017_1417_1433,0.708770871162
2017_1417_1435,0.707463443279
2017_1417_1436,0.907521009445
2017_1417_1437,0.014213770628
2017_1417_1438,0.430664896965
2017_1417_1439,0.948921144009
2017_1417_1448,0.986119866371
2017_1417_1452,0.0920354127884
2017_1417_1455,0.00673628319055
2017_1417_1457,0.996785402298
2017_1417_1458,0.422078847885
2017_1417_1462,0.668744564056
2017_1423_1425,0.357809752226
2017_1423_1433,0.136118575931
2017_1423_1435,0.162046819925
2017_1423_1436,0.464287996292
2017_1423_1437,0.00380772352219
2017_1423_1438,0.0933609232306
2017_1423_1439,0.235500365496
2017_1423_1448,0.606308400631
2017_1423_1452,0.00586466817185
2017_1423_1455,0.00241728452966
2017_1423_1457,0.940012991428
2017_1423_1458,0.0740125924349
2017_1423_1462,0.0721801444888
2017_1425_1433,0.427567183971
2017_1425_1435,0.452065885067
2017_1425_1436,0.643376946449
2017_1425_1437,0.00879237242043
2017_1425_1438,0.234533876181
2017_1425_1439,0.574777007103
2017_1425_1448,0.845247685909
2017_1425_1452,0.0144039345905
2017_1425_1455,0.00540786935017
2017_1425_1457,0.972099006176
2017_1425_1458,0.186314314604
2017_1425_1462,0.191518217325
2017_1433_1435,0.545476317406
2017_1433_1436,0.676343977451
2017_1433_1437,0.0403635017574
2017_1433_1438,0.361588060856
2017_1433_1439,0.416430681944
2017_1433_1448,0.616011857986
2017_1433_1452,0.0600092448294
2017_1433_1455,0.0255689080805
2017_1433_1457,0.899934709072
2017_1433_1458,0.318422526121
2017_1433_1462,0.321884006262
2017_1435_1436,0.754214644432
2017_1435_1437,0.0367958135903
2017_1435_1438,0.444710969925
2017_1435_1439,0.60116481781
2017_1435_1448,0.82304662466
2017_1435_1452,0.0558641962707
2017_1435_1455,0.0234827194363
2017_1435_1457,0.963080346584
2017_1435_1458,0.391880303621
2017_1435_1462,0.424986600876
2017_1436_1437,0.0679037123919
2017_1436_1438,0.287230551243
2017_1436_1439,0.304847717285
2017_1436_1448,0.30740454793
2017_1436_1452,0.0795583203435
2017_1436_1455,0.0451974086463
2017_1436_1457,0.64592218399
2017_1436_1458,0.26134198904
2017_1436_1462,0.281014561653
2017_1437_1438,0.815488755703
2017_1437_1439,0.948659837246
2017_1437_1448,0.977896571159
2017_1437_1452,0.566480696201
2017_1437_1455,0.510725677013
2017_1437_1457,0.993072450161
2017_1437_1458,0.789246916771
2017_1437_1462,0.815233469009
2017_1438_1439,0.860792756081
2017_1438_1448,0.931155979633
2017_1438_1452,0.580763816833
2017_1438_1455,0.575020372868
2017_1438_1457,0.976243317127
2017_1438_1458,0.776965856552
2017_1438_1462,0.80329400301
2017_1439_1448,0.91175198555
2017_1439_1452,0.0074950219132
2017_1439_1455,0.00281390105374
2017_1439_1457,0.988357841969
2017_1439_1458,0.173170551658
2017_1439_1462,0.293785691261
2017_1448_1452,0.042608551681
2017_1448_1455,0.00239398586564
2017_1448_1457,0.99581182003
2017_1448_1458,0.191357567906
2017_1448_1462,0.551957130432
2017_1452_1455,0.363040238619
2017_1452_1457,0.995929419994
2017_1452_1458,0.735681355
2017_1452_1462,0.788840293884
2017_1455_1457,0.989421367645
2017_1455_1458,0.784206569195
2017_1455_1462,0.807351589203
2017_1457_1458,0.0262842960656
2017_1457_1462,0.0254601184279
2017_1458_1462,0.657347857952
